a_4010	a_5227
a_5230	a_5231
a_3750	a_5232
a_17264	a_8875
a_17264	a_17265
a_17265	a_8875
a_13265	a_8875
a_13265	a_17264
a_13265	a_17265
a_3887	a_3889
a_17266	a_3887
a_17266	a_3889
a_17266	a_17267
a_17267	a_3887
a_17267	a_3889
a_17265	a_3887
a_17265	a_17266
a_17265	a_3889
a_17265	a_17267
a_13265	a_3887
a_13265	a_17266
a_13265	a_3889
a_13265	a_17267
a_13265	a_17265
a_10016	a_728
a_17270	a_8875
a_17271	a_17272
a_17274	a_17275
a_17277	a_5131
a_12623	a_12624
a_12623	a_17278
a_12624	a_17278
a_17279	a_17280
a_17281	a_17282
a_10015	a_1593
a_17283	a_17284
a_17285	a_704
a_1630	a_17287
a_11752	a_17288
a_17291	a_17292
a_33491	a_33492
a_33491	a_33493
a_33491	a_33494
a_33491	a_33495
a_33492	a_33493
a_33492	a_33494
a_33492	a_33495
a_33493	a_33494
a_33493	a_33495
a_33494	a_33495
a_33496	a_33497
a_33498	a_33499
a_33501	a_33502
a_33501	a_33503
a_33502	a_33503
a_33504	a_33505
a_33507	a_33508
a_33507	a_33509
a_33507	a_33510
a_33508	a_33509
a_33508	a_33510
a_33509	a_33510
a_33511	a_33512
a_33513	a_33514
a_33517	a_33518
a_33521	a_33522
a_33521	a_33523
a_33522	a_33523
a_33524	a_33525
a_33529	a_33530
a_33491	a_33531
a_33491	a_33532
a_33491	a_33493
a_33531	a_33532
a_33493	a_33531
a_33493	a_33532
a_33533	a_33534
a_33537	a_33538
a_33537	a_33539
a_33537	a_33540
a_33538	a_33539
a_33538	a_33540
a_33539	a_33540
a_33540	a_33541
a_33491	a_33493
a_33542	a_33543
a_33522	a_33542
a_33522	a_33543
a_33544	a_33545
a_33544	a_33546
a_33545	a_33546
a_33548	a_33549
a_33532	a_33550
a_1464	a_33550
a_1464	a_33532
a_33528	a_84497
a_33496	a_84498
a_33504	a_84499
a_84500	a_84501
a_33551	a_46236
a_33550	a_77289
a_33550	a_84503
a_33534	a_33550
a_33534	a_77289
a_33534	a_84503
a_77289	a_84503
a_33534	a_84505
a_33512	a_84506
a_84508	a_84509
a_61825	a_84510
a_61825	a_84511
a_84512	a_84513
a_46141	a_53113
a_42904	a_64598
a_83784	a_84515
a_63784	a_84516
a_2118	a_64602
a_47126	a_84517
a_64588	a_84518
a_125576	a_1315
a_125576	a_965
a_1315	a_965
a_111434	a_125576
a_111434	a_1315
a_111434	a_965
a_3887	a_728
a_36490	a_3887
a_36490	a_728
a_10111	a_125578
a_10111	a_4690
a_125578	a_4690
a_3104	a_45307
a_117906	a_125579
a_125580	a_37380
a_125581	a_125582
a_100061	a_125581
a_100061	a_125582
a_125583	a_67494
a_106196	a_19035
a_110372	a_125585
a_110372	a_5227
a_125585	a_5227
a_13253	a_13254
a_120722	a_13253
a_120722	a_13254
a_3390	a_4469
a_125587	a_13266
a_125588	a_17265
a_125589	a_77279
a_33503	a_33506
a_125590	a_33506
a_125590	a_33503
a_105516	a_125592
a_125593	a_9326
a_123975	a_125593
a_123975	a_9326
a_123406	a_6080
a_125594	a_964
a_124286	a_17287
a_106284	a_511
a_11758	a_728
a_1630	a_17287
a_147499	a_1630
a_147499	a_17287
a_125584	a_965
a_147506	a_17265
a_19031	a_964
a_106214	a_964
a_106214	a_19031
a_106214	a_147517
a_147517	a_964
a_147517	a_19031
a_120801	a_5227
a_120801	a_148341
a_148341	a_5227
a_17265	a_2236
a_141382	a_4695
a_467	a_7972
a_141391	a_141392
a_141391	a_141393
a_141391	a_35383
a_141391	a_53220
a_141392	a_141393
a_141392	a_35383
a_141392	a_53220
a_141393	a_35383
a_141393	a_53220
a_35383	a_53220
a_125594	a_964
a_123406	a_49969
a_143883	a_76198
a_143883	a_148375
a_148375	a_76198
a_77308	a_83802
a_141369	a_77308
a_141369	a_83802
a_103122	a_148386
a_126608	a_3751
a_126608	a_76836
a_3751	a_76836
a_148392	a_2967
a_133506	a_133507
a_133506	a_133508
a_133506	a_42910
a_133507	a_133508
a_133507	a_42910
a_133508	a_42910
a_148401	a_5126
a_148405	a_19031
a_148413	a_148414
a_120778	a_536
a_123406	a_49969
a_123406	a_58144
a_49969	a_58144
a_123409	a_163314
a_124286	a_125594
a_125584	a_965
a_163315	a_163316
a_163315	a_35383
a_163315	a_53220
a_163316	a_35383
a_163316	a_53220
a_141393	a_163315
a_141393	a_163316
a_141393	a_35383
a_141393	a_53220
a_35383	a_53220
a_147506	a_148414
a_147506	a_17265
a_147506	a_1593
a_148414	a_17265
a_148414	a_1593
a_1593	a_17265
a_148392	a_2967
a_106647	a_49656
a_141402	a_141403
a_105516	a_141402
a_105516	a_124305
a_105516	a_141403
a_124305	a_141402
a_124305	a_141403
a_163326	a_77281
a_163327	a_58451
a_163327	a_163328
a_163328	a_58451
a_1202	a_163327
a_1202	a_58451
a_1202	a_163328
a_123216	a_40488
a_123216	a_1386
a_1386	a_40488
a_2496	a_90101
a_163333	a_2496
a_163333	a_163334
a_163333	a_90101
a_163334	a_2496
a_163334	a_90101
a_163359	a_61486
a_163364	a_5131
a_111063	a_163364
a_111063	a_5131
a_163365	a_17287
a_163376	a_163377
a_163315	a_35383
a_163315	a_2317
a_2317	a_35383
a_106116	a_163388
a_100036	a_106116
a_100036	a_163388
a_179826	a_179827
a_110176	a_76198
a_179828	a_18955
a_511	a_77280
a_106213	a_17265
a_106213	a_777
a_106213	a_965
a_17265	a_777
a_17265	a_965
a_777	a_965
a_182760	a_19064
a_141402	a_141403
a_105516	a_141402
a_105516	a_141403
a_189876	a_189877
a_124634	a_17275
a_148413	a_17265
a_148413	a_777
a_148413	a_4510
a_17265	a_777
a_17265	a_4510
a_4510	a_777
a_147517	a_189878
a_105356	a_123331
a_125584	a_189879
a_125584	a_965
a_106296	a_189881
a_106296	a_189882
a_189881	a_189882
a_189883	a_83802
a_148386	a_189883
a_148386	a_83802
a_77308	a_83802
a_189884	a_77308
a_189884	a_83802
a_127595	a_77308
a_127595	a_189884
a_127595	a_83802
a_123409	a_163314
a_188360	a_77269
a_41723	a_77293
a_41723	a_49969
a_1548	a_77293
a_1548	a_41723
a_1548	a_49969
a_49969	a_77293
a_106196	a_1593
a_188360	a_6080
a_189886	a_36501
a_125576	a_1315
a_115015	a_125594
a_106646	a_115015
a_106646	a_125594
a_128898	a_189891
a_189894	a_72924
a_148392	a_2967
a_123331	a_148392
a_123331	a_2967
a_141820	a_74395
a_141820	a_49969
a_49969	a_74395
a_124286	a_77280
a_126608	a_189941
a_126608	a_705
a_189941	a_705
a_10015	a_200936
a_216030	a_216031
a_216030	a_46237
a_216031	a_46237
a_102170	a_105516
a_2496	a_774
a_2496	a_76836
a_76836	a_774
a_77308	a_83802
a_90081	a_965
a_110394	a_125594
a_217297	a_217298
a_3751	a_45310
a_125594	a_45310
a_125594	a_3751
a_123704	a_125588
a_123704	a_124770
a_11494	a_125588
a_11494	a_123704
a_11494	a_124770
a_124770	a_125588
a_124286	a_77280
a_217304	a_77281
a_163327	a_58451
a_163327	a_217306
a_217306	a_58451
a_19614	a_197533
a_15661	a_217313
a_217314	a_75307
a_141359	a_217314
a_141359	a_75307
a_217320	a_217321
a_205146	a_3751
a_17265	a_205146
a_17265	a_3751
a_224345	a_777
a_17265	a_224345
a_17265	a_777
a_148414	a_45310
a_148414	a_2317
a_2317	a_45310
a_17287	a_224346
a_77268	a_77280
a_132439	a_132442
a_132439	a_224347
a_132439	a_132441
a_132442	a_224347
a_132441	a_132442
a_132441	a_224347
a_17265	a_205146
a_199427	a_5131
a_224361	a_224362
a_224361	a_6080
a_224362	a_6080
a_141820	a_224361
a_141820	a_224362
a_141820	a_6080
a_106391	a_122187
a_126754	a_203231
a_126754	a_155424
a_126754	a_163314
a_155424	a_203231
a_155424	a_163314
a_163314	a_203231
a_217320	a_217321
a_124286	a_77280
a_239841	a_91105
a_239841	a_239842
a_239842	a_91105
a_1630	a_239843
a_141820	a_1630
a_141820	a_239843
a_157276	a_227692
a_157276	a_467
a_227692	a_467
a_239849	a_71265
a_239849	a_33540
a_33540	a_71265
a_194523	a_4289
a_194523	a_239853
a_239853	a_4289
a_125594	a_964
a_125594	a_239854
a_239854	a_964
a_126754	a_236126
a_126754	a_155424
a_155424	a_236126
a_106214	a_161789
a_163327	a_58451
a_239855	a_45326
a_110372	a_239856
a_110372	a_53220
a_239856	a_53220
a_236060	a_239857
a_236060	a_99859
a_239857	a_99859
a_178702	a_236060
a_178702	a_239857
a_178702	a_99859
a_3751	a_45310
a_148414	a_45310
a_148414	a_3751
a_1370	a_239858
a_205146	a_236094
a_205146	a_777
a_236094	a_777
a_224345	a_777
a_120659	a_253861
a_100035	a_253861
a_100035	a_120659
a_262759	a_262760
a_197568	a_53220
a_141392	a_197568
a_141392	a_53220
a_11758	a_728
a_188807	a_205146
a_3622	a_77280
a_262764	a_262765
a_19031	a_262764
a_19031	a_262765
a_4289	a_49969
a_141820	a_4289
a_141820	a_49969
a_262766	a_35185
a_262766	a_262767
a_262766	a_49969
a_35185	a_49969
a_262767	a_35185
a_262767	a_49969
a_253864	a_253865
a_253864	a_253867
a_253865	a_253867
a_106381	a_253864
a_106381	a_253865
a_106381	a_253867
a_126754	a_155424
a_205364	a_964
a_188054	a_964
a_188054	a_205364
a_2474	a_262768
a_1630	a_17287
a_115015	a_125594
a_262769	a_715
a_179882	a_262770
a_100036	a_262770
a_100036	a_179882
a_77308	a_83802
a_262771	a_77308
a_262771	a_83802
a_35383	a_58446
a_191675	a_262772
a_191675	a_262773
a_262772	a_262773
a_124290	a_191675
a_124290	a_262772
a_124290	a_262773
a_123331	a_262774
a_123331	a_188381
a_123331	a_197582
a_188381	a_262774
a_188381	a_197582
a_197582	a_262774
a_262775	a_262776
a_262775	a_77279
a_262776	a_77279
a_75116	a_91006
a_45311	a_75116
a_45311	a_91006
a_106106	a_262777
a_178715	a_229081
a_1084	a_178715
a_1084	a_229081
a_262778	a_262779
a_262778	a_262780
a_19031	a_262778
a_19031	a_262779
a_19031	a_262780
a_262779	a_262780
a_141820	a_273643
a_273644	a_62954
a_273645	a_5129
a_273645	a_34751
a_152040	a_273645
a_152040	a_5129
a_152040	a_34751
a_34751	a_5129
a_178684	a_273646
a_110204	a_273647
a_273648	a_57507
a_143992	a_57507
a_143992	a_273648
a_10131	a_273649
a_236114	a_53220
a_179310	a_236114
a_179310	a_53220
a_137776	a_236114
a_137776	a_179310
a_137776	a_53220
a_17287	a_273650
a_126754	a_155424
a_273651	a_35185
a_273651	a_49969
a_35185	a_49969
a_18946	a_273652
a_18946	a_6205
a_273652	a_6205
a_222936	a_254078
a_188807	a_222936
a_188807	a_254078
a_189891	a_273653
a_128898	a_189891
a_128898	a_273653
a_11758	a_88732
a_11758	a_72292
a_11758	a_229196
a_72292	a_88732
a_229196	a_88732
a_229196	a_72292
a_273654	a_90310
a_273654	a_273655
a_273654	a_273656
a_273654	a_273657
a_273655	a_90310
a_273655	a_273656
a_273655	a_273657
a_273656	a_90310
a_273656	a_273657
a_273657	a_90310
a_1630	a_17287
a_1630	a_273658
a_1630	a_54937
a_17287	a_273658
a_17287	a_54937
a_273658	a_54937
a_197476	a_273659
a_273643	a_49969
a_273643	a_58144
a_49969	a_58144
a_141820	a_273643
a_141820	a_49969
a_141820	a_58144
a_228819	a_90081
a_198132	a_90081
a_198132	a_228819
a_90081	a_965
a_273660	a_76832
a_273660	a_273661
a_273661	a_76832
a_273663	a_273664
a_1630	a_254070
a_175785	a_203231
a_175785	a_76063
a_203231	a_76063
a_245494	a_273665
a_110385	a_245494
a_110385	a_273665
a_110385	a_219693
a_219693	a_245494
a_219693	a_273665
a_1241	a_54294
a_1241	a_292428
a_292428	a_54294
a_17265	a_57403
a_1315	a_1630
a_106646	a_1630
a_106646	a_1315
a_99067	a_99068
a_102170	a_105516
a_90081	a_965
a_5873	a_84
a_295923	a_5873
a_295923	a_84
a_115540	a_115541
a_49713	a_89843
a_49713	a_5137
a_5137	a_89843
a_17268	a_179857
a_17268	a_295926
a_17268	a_179882
a_179857	a_295926
a_179857	a_179882
a_179882	a_295926
a_17284	a_76829
a_2082	a_5227
a_1630	a_17287
a_118770	a_1630
a_118770	a_17287
a_115541	a_161511
a_17773	a_197571
a_110176	a_76198
a_2496	a_774
a_2496	a_76836
a_76836	a_774
a_106196	a_197172
a_106196	a_19035
a_106196	a_19031
a_19035	a_197172
a_19031	a_197172
a_19031	a_19035
a_150275	a_19066
a_150275	a_84
a_19066	a_84
a_100061	a_295939
a_197543	a_2317
a_160646	a_925
a_216030	a_295940
a_216030	a_46237
a_295940	a_46237
a_110394	a_3751
a_4289	a_6080
a_4289	a_58469
a_58469	a_6080
a_17266	a_7762
a_125573	a_7996
a_125573	a_128132
a_128132	a_7996
a_115285	a_7996
a_115285	a_125573
a_115285	a_128132
a_246156	a_36574
a_246156	a_246157
a_246157	a_36574
a_185316	a_300565
a_185316	a_276004
a_276004	a_300565
a_227670	a_286450
a_227670	a_227671
a_227671	a_286450
a_18946	a_300566
a_18946	a_6205
a_300566	a_6205
a_300567	a_300568
a_206864	a_300567
a_206864	a_300568
a_106646	a_300569
a_114742	a_300570
a_126754	a_155424
a_171994	a_300571
a_171994	a_69251
a_171994	a_177532
a_300571	a_69251
a_177532	a_300571
a_177532	a_69251
a_274408	a_300572
a_19031	a_300572
a_19031	a_274408
a_2270	a_296639
a_178704	a_296639
a_178704	a_2270
a_300573	a_300574
a_101379	a_300573
a_101379	a_300574
a_139357	a_72302
a_124286	a_300575
a_124286	a_300576
a_300575	a_300576
a_141477	a_172995
a_189891	a_273653
a_189891	a_965
a_273653	a_965
a_128898	a_189891
a_128898	a_273653
a_128898	a_965
a_212898	a_273643
a_188807	a_300577
a_101379	a_300578
a_101379	a_17265
a_17265	a_300578
a_229059	a_300579
a_133508	a_45310
a_106214	a_45310
a_106214	a_133508
a_185749	a_300580
a_185749	a_209872
a_209872	a_300580
a_141408	a_254074
a_106214	a_141408
a_106214	a_254074
a_191675	a_300581
a_191675	a_300582
a_300581	a_300582
a_124290	a_191675
a_124290	a_300581
a_124290	a_300582
a_198670	a_300583
a_209917	a_300584
a_124290	a_300584
a_124290	a_209917
a_300585	a_300586
a_300585	a_300587
a_300586	a_300587
a_237523	a_300585
a_237523	a_300586
a_237523	a_300587
a_258620	a_300589
a_1386	a_258620
a_1386	a_300589
a_300590	a_4469
a_10132	a_926
a_262769	a_302120
a_19614	a_197533
a_110394	a_125594
a_77268	a_77280
a_15661	a_217313
a_17287	a_302123
a_40319	a_4053
a_40319	a_51878
a_4053	a_51878
a_205001	a_40319
a_205001	a_4053
a_205001	a_51878
a_115319	a_177255
a_115319	a_137993
a_137993	a_177255
a_190834	a_208375
a_3315	a_99349
a_3315	a_5227
a_5227	a_99349
a_49969	a_74395
a_511	a_77280
a_18955	a_19031
a_18955	a_53220
a_19031	a_53220
a_77281	a_77282
a_2831	a_965
a_106213	a_49648
a_101913	a_106213
a_101913	a_49648
a_126607	a_19070
a_58452	a_6809
a_105104	a_17275
a_136307	a_26630
a_10016	a_19614
a_49182	a_5137
a_155738	a_76198
a_19053	a_304330
a_128596	a_19053
a_128596	a_304330
a_1084	a_90081
a_1630	a_17287
a_49648	a_8877
a_1685	a_58428
a_77273	a_77274
a_77273	a_77275
a_77274	a_77275
a_30868	a_49831
a_99067	a_99068
a_18946	a_4296
a_159900	a_18946
a_159900	a_4296
a_4469	a_56927
a_105516	a_43511
a_1592	a_76198
a_317725	a_88169
a_317726	a_58288
a_58143	a_58144
a_106604	a_17264
a_106156	a_110436
a_10016	a_1084
a_728	a_7972
a_317727	a_4640
a_317727	a_317728
a_317728	a_4640
a_317729	a_64246
a_134500	a_64246
a_134500	a_317729
a_312978	a_46
a_182665	a_312978
a_182665	a_46
a_100009	a_10013
a_10009	a_1375
a_10009	a_10010
a_10010	a_1375
a_58466	a_715
a_1630	a_17287
a_17288	a_4641
a_17288	a_56894
a_4641	a_56894
a_11758	a_728
a_10008	a_704
a_15184	a_317738
a_1315	a_630
a_10013	a_630
a_10013	a_1315
a_2967	a_7762
a_212940	a_72292
a_212940	a_216014
a_212940	a_326686
a_212940	a_2896
a_170162	a_212940
a_170162	a_72292
a_170162	a_216014
a_170162	a_326686
a_170162	a_2896
a_216014	a_72292
a_216014	a_326686
a_216014	a_2896
a_326686	a_72292
a_2896	a_72292
a_2896	a_326686
a_188807	a_300577
a_17287	a_300577
a_17287	a_188807
a_326687	a_326688
a_17287	a_283138
a_124286	a_300576
a_189891	a_965
a_189891	a_326709
a_326709	a_965
a_128898	a_189891
a_128898	a_965
a_128898	a_326709
a_254078	a_326710
a_254078	a_300775
a_300775	a_326710
a_172995	a_72292
a_17266	a_172995
a_17266	a_72292
a_126754	a_326712
a_126754	a_155424
a_126754	a_274420
a_155424	a_326712
a_155424	a_274420
a_274420	a_326712
a_288193	a_326714
a_273645	a_326715
a_273645	a_5129
a_273645	a_34751
a_326715	a_5129
a_326715	a_34751
a_34751	a_5129
a_212898	a_273643
a_243365	a_326716
a_114697	a_326717
a_114697	a_326718
a_106186	a_114697
a_106186	a_326717
a_106186	a_326718
a_326717	a_326718
a_273654	a_90310
a_273654	a_273655
a_273655	a_90310
a_326719	a_58144
a_185316	a_200069
a_106214	a_200069
a_106214	a_185316
a_326720	a_40487
a_326721	a_326722
a_257533	a_326721
a_257533	a_326722
a_185316	a_326721
a_185316	a_326722
a_185316	a_257533
a_29977	a_326723
a_326724	a_326725
a_326724	a_326726
a_326725	a_326726
a_161733	a_326724
a_161733	a_326725
a_161733	a_326726
a_237412	a_326727
a_258626	a_288256
a_258626	a_75307
a_258626	a_274430
a_288256	a_75307
a_274430	a_288256
a_274430	a_75307
a_327473	a_327474
a_105516	a_333018
a_105516	a_206888
a_105516	a_326722
a_206888	a_333018
a_206888	a_326722
a_326722	a_333018
a_18946	a_273652
a_18946	a_6205
a_273652	a_6205
a_273654	a_90310
a_273654	a_273655
a_273654	a_348012
a_273655	a_90310
a_273655	a_348012
a_348012	a_90310
a_1386	a_90310
a_1386	a_273654
a_1386	a_273655
a_1386	a_348012
a_11758	a_72292
a_11758	a_88732
a_11758	a_229196
a_72292	a_88732
a_229196	a_72292
a_229196	a_88732
a_1630	a_17287
a_1630	a_273658
a_1630	a_54937
a_17287	a_273658
a_17287	a_54937
a_273658	a_54937
a_17287	a_273650
a_90081	a_965
a_224345	a_360406
a_188807	a_233040
a_17265	a_300578
a_11758	a_728
a_360407	a_360408
a_360407	a_360409
a_360408	a_360409
a_147517	a_360407
a_147517	a_360408
a_147517	a_360409
a_360412	a_5227
a_360412	a_360413
a_360413	a_5227
a_265996	a_360412
a_265996	a_5227
a_265996	a_360413
a_2782	a_360417
a_2782	a_72307
a_360417	a_72307
a_155424	a_326687
a_125594	a_7996
a_125594	a_360419
a_125594	a_188807
a_125594	a_17287
a_360419	a_7996
a_188807	a_7996
a_188807	a_360419
a_17287	a_7996
a_17287	a_360419
a_17287	a_188807
a_1630	a_274420
a_1630	a_17287
a_17287	a_274420
a_115015	a_281615
a_207947	a_336893
a_126754	a_155424
a_126754	a_212898
a_126754	a_274420
a_155424	a_212898
a_155424	a_274420
a_212898	a_274420
a_246156	a_36574
a_246156	a_246157
a_246157	a_36574
a_303910	a_64200
a_303910	a_360421
a_360421	a_64200
a_105516	a_64200
a_105516	a_303910
a_105516	a_360421
a_101379	a_300573
a_101379	a_17265
a_17265	a_300573
a_360424	a_360425
a_253878	a_360424
a_253878	a_360425
a_185316	a_360424
a_185316	a_253878
a_185316	a_360425
a_360427	a_360428
a_360427	a_360429
a_360428	a_360429
a_185749	a_360427
a_185749	a_360428
a_185749	a_360429
a_185749	a_18958
a_18958	a_360427
a_18958	a_360428
a_18958	a_360429
a_337741	a_360430
a_313760	a_360431
a_223802	a_326722
a_106214	a_223802
a_106214	a_326722
a_106214	a_185316
a_185316	a_223802
a_185316	a_326722
a_387279	a_387280
a_387279	a_387281
a_387279	a_75307
a_387279	a_4510
a_387280	a_387281
a_387280	a_75307
a_387280	a_4510
a_387281	a_75307
a_387281	a_4510
a_4510	a_75307
a_36574	a_51656
a_225273	a_387282
a_188028	a_49653
a_188028	a_368401
a_368401	a_49653
a_17287	a_273650
a_188807	a_387283
a_155424	a_300567
a_326711	a_376482
a_141820	a_326711
a_141820	a_376482
a_209872	a_374840
a_185749	a_374840
a_185749	a_209872
a_174684	a_387284
a_326719	a_58144
a_18946	a_298231
a_18946	a_336893
a_298231	a_336893
a_313753	a_3751
a_269554	a_326722
a_106214	a_269554
a_106214	a_326722
a_387286	a_77280
a_387286	a_387287
a_387287	a_77280
a_132439	a_387288
a_300785	a_3887
a_300785	a_387289
a_387289	a_3887
a_366523	a_387290
a_366523	a_387280
a_366523	a_387291
a_366523	a_4510
a_387290	a_387291
a_387290	a_4510
a_387280	a_387290
a_387280	a_387291
a_387280	a_4510
a_387291	a_4510
a_189891	a_273653
a_189891	a_965
a_273653	a_965
a_128898	a_189891
a_128898	a_273653
a_128898	a_965
a_273652	a_300567
a_155424	a_300567
a_155424	a_273652
a_115298	a_220996
a_115298	a_125594
a_125594	a_220996
a_387292	a_387293
a_387292	a_91293
a_387292	a_387294
a_387293	a_91293
a_387293	a_387294
a_387294	a_91293
a_212891	a_296639
a_212891	a_274408
a_274408	a_296639
a_424019	a_5660
a_33501	a_33503
a_126608	a_424020
a_424021	a_67495
a_424021	a_424022
a_424022	a_67495
a_1315	a_630
a_10880	a_4469
a_10880	a_1202
a_1202	a_4469
a_311481	a_53220
a_3444	a_424023
a_3104	a_4295
a_3104	a_4296
a_4295	a_4296
a_89841	a_965
a_424025	a_64246
a_424025	a_435
a_435	a_64246
a_1630	a_5131
a_15183	a_424026
a_4289	a_6080
a_424027	a_49188
a_19056	a_424027
a_19056	a_49188
a_77295	a_80404
a_1630	a_9340
a_46	a_999
a_89841	a_965
a_777	a_89841
a_777	a_965
a_197022	a_424028
a_197022	a_424029
a_197022	a_424030
a_197022	a_319158
a_197022	a_319160
a_424028	a_424029
a_424028	a_424030
a_424029	a_424030
a_319158	a_424028
a_319158	a_424029
a_319158	a_424030
a_319158	a_319160
a_319160	a_424028
a_319160	a_424029
a_319160	a_424030
a_45316	a_45318
a_10013	a_19070
a_315019	a_49969
a_3750	a_965
a_3052	a_424032
a_3750	a_424033
a_152819	a_3750
a_152819	a_424033
a_2667	a_3870
a_2667	a_314035
a_314035	a_3870
a_232992	a_424034
a_1584	a_2782
a_6062	a_73958
a_5134	a_6062
a_5134	a_73958
a_1592	a_4641
a_1592	a_7057
a_1592	a_19056
a_1592	a_424035
a_4641	a_7057
a_19056	a_4641
a_19056	a_7057
a_19056	a_424035
a_108237	a_1592
a_108237	a_4641
a_108237	a_7057
a_108237	a_19056
a_108237	a_424035
a_424035	a_4641
a_424035	a_7057
a_34941	a_5130
a_100417	a_424036
a_34449	a_34450
a_1761	a_424037
a_54123	a_7056
a_49648	a_773
a_424039	a_773
a_424039	a_49648
a_2081	a_773
a_2081	a_49648
a_2081	a_424039
a_1592	a_2668
a_1592	a_1594
a_1594	a_2668
a_424040	a_424041
a_375290	a_424042
a_2659	a_424042
a_2659	a_375290
a_1592	a_1593
a_1592	a_1594
a_1593	a_1594
a_536	a_777
a_536	a_965
a_777	a_965
a_26630	a_3751
a_19070	a_46
a_1083	a_19070
a_1083	a_46
a_232221	a_33541
a_232221	a_291602
a_291602	a_33541
a_1084	a_630
a_5126	a_5131
a_33491	a_86747
a_2782	a_777
a_2782	a_965
a_777	a_965
a_2831	a_424043
a_156725	a_715
a_156725	a_46
a_46	a_715
a_536	a_777
a_33494	a_424044
a_33494	a_424044
a_35383	a_964
a_424045	a_6062
a_11758	a_1315
a_1084	a_2496
a_1201	a_1754
a_1388	a_8878
a_1388	a_3064
a_3064	a_8878
a_346499	a_45301
a_226	a_424046
a_226	a_424047
a_424046	a_424047
a_17265	a_424048
a_178603	a_61486
a_424049	a_83815
a_19070	a_417434
a_19070	a_46
a_417434	a_46
a_5660	a_64246
a_1084	a_64246
a_1084	a_5660
a_3750	a_3751
a_3750	a_728
a_511	a_512
a_375288	a_39188
a_133513	a_424050
a_37980	a_424051
a_147501	a_157244
a_11341	a_147501
a_11341	a_157244
a_26629	a_941
a_1462	a_1463
a_1462	a_1464
a_1463	a_1464
a_19056	a_424052
a_511	a_546551
a_511	a_77280
a_546551	a_77280
a_292092	a_511
a_292092	a_546551
a_292092	a_77280
a_155424	a_300567
a_123803	a_546552
a_123803	a_546553
a_546552	a_546553
a_300785	a_387285
a_189891	a_273653
a_189891	a_965
a_273653	a_965
a_128898	a_189891
a_128898	a_273653
a_128898	a_965
a_188807	a_546554
a_188807	a_354745
a_354745	a_546554
a_17265	a_300578
a_2782	a_358730
a_189879	a_2782
a_189879	a_358730
a_126608	a_464241
a_115015	a_546555
a_368722	a_455226
a_18958	a_368722
a_18958	a_455226
a_1202	a_368722
a_1202	a_18958
a_1202	a_455226
a_290864	a_326858
a_212898	a_53152
a_212898	a_227679
a_227679	a_53152
a_36574	a_51656
a_36574	a_453855
a_453855	a_51656
a_298239	a_308272
a_274408	a_546418
a_253877	a_546418
a_253877	a_274408
a_115298	a_273230
a_546557	a_75307
a_546557	a_546558
a_387281	a_546557
a_387281	a_75307
a_387281	a_546558
a_546558	a_75307
a_44386	a_546559
a_33223	a_546559
a_33223	a_44386
a_273644	a_374217
a_483002	a_546560
a_370481	a_483002
a_370481	a_546560
a_546561	a_546562
a_546561	a_546563
a_274408	a_546561
a_274408	a_546562
a_274408	a_546563
a_546562	a_546563
a_546564	a_546565
a_307420	a_546564
a_307420	a_546565
a_185316	a_329628
a_36574	a_51656
a_36574	a_744997
a_36574	a_744998
a_36574	a_471630
a_51656	a_744997
a_51656	a_744998
a_744997	a_744998
a_471630	a_51656
a_471630	a_744997
a_471630	a_744998
a_360419	a_464345
a_1630	a_478015
a_125594	a_1630
a_125594	a_478015
a_2782	a_373308
a_2782	a_373305
a_191162	a_2782
a_191162	a_373308
a_191162	a_216014
a_191162	a_373305
a_216014	a_2782
a_216014	a_373308
a_216014	a_373305
a_373305	a_373308
a_300782	a_745000
a_17287	a_300782
a_17287	a_745000
a_2782	a_336893
a_2782	a_358730
a_189879	a_2782
a_189879	a_336893
a_189879	a_358730
a_336893	a_358730
a_72642	a_745001
a_3751	a_72642
a_3751	a_745001
a_126754	a_141820
a_126754	a_745002
a_126754	a_274955
a_141820	a_745002
a_141820	a_274955
a_274955	a_745002
a_599798	a_745003
a_215561	a_599798
a_215561	a_745003
a_745004	a_745005
a_682442	a_745004
a_682442	a_745005
a_676905	a_745006
a_388584	a_90310
a_290864	a_326858
a_353575	a_364921
a_207672	a_364921
a_207672	a_353575
a_36574	a_51656
a_209393	a_36574
a_209393	a_51656
a_19031	a_407567
a_19031	a_303910
a_303910	a_407567
a_602192	a_745007
a_246156	a_745007
a_246156	a_602192
a_179670	a_745008
a_300567	a_745009
a_300567	a_5660
a_5660	a_745009
a_155424	a_300567
a_155424	a_745009
a_155424	a_5660
a_189891	a_273653
a_189891	a_370481
a_273653	a_370481
a_128898	a_189891
a_128898	a_273653
a_128898	a_370481
a_57038	a_99831
a_4510	a_745010
a_298231	a_587592
a_275960	a_366523
a_291531	a_346313
a_451872	a_745011
a_189879	a_451872
a_189879	a_745011
a_407557	a_576747
a_121673	a_300711
a_121673	a_749723
a_121673	a_408264
a_121673	a_751438
a_121673	a_751439
a_121673	a_751440
a_300711	a_749723
a_300711	a_408264
a_300711	a_751438
a_300711	a_751439
a_300711	a_751440
a_749723	a_751438
a_749723	a_751439
a_749723	a_751440
a_408264	a_749723
a_408264	a_751438
a_408264	a_751439
a_408264	a_751440
a_751438	a_751439
a_751438	a_751440
a_751439	a_751440
a_155424	a_300567
a_126754	a_273652
a_126754	a_533703
a_273652	a_533703
a_17287	a_273650
a_141820	a_715381
a_17265	a_300573
a_367344	a_76698
a_188468	a_751441
a_188468	a_308272
a_308272	a_751441
a_101656	a_7118
a_101656	a_364954
a_101656	a_308272
a_364954	a_7118
a_308272	a_7118
a_308272	a_364954
a_218527	a_713903
a_218527	a_240196
a_240196	a_713903
a_189879	a_370321
a_189879	a_360535
a_189879	a_336893
a_360535	a_370321
a_336893	a_370321
a_336893	a_360535
a_346313	a_440313
a_1584	a_346313
a_1584	a_440313
a_2782	a_547508
a_2782	a_547526
a_547508	a_547526
a_191162	a_2782
a_191162	a_547508
a_191162	a_547526
a_191162	a_216014
a_216014	a_2782
a_216014	a_547508
a_216014	a_547526
a_141477	a_2782
a_141477	a_547508
a_141477	a_191162
a_141477	a_547526
a_141477	a_216014
a_229196	a_751442
a_229196	a_53178
a_229196	a_460633
a_53178	a_751442
a_460633	a_751442
a_460633	a_53178
a_353575	a_364921
a_207672	a_364921
a_207672	a_353575
a_221392	a_494219
a_330007	a_745010
a_330007	a_4510
a_4510	a_745010
a_110372	a_360493
a_110372	a_290864
a_110372	a_141392
a_290864	a_360493
a_141392	a_360493
a_141392	a_290864
a_185316	a_329628
a_631209	a_751443
a_631209	a_751444
a_751443	a_751444
a_123578	a_631209
a_123578	a_751443
a_123578	a_751444
a_1630	a_478015
a_125594	a_1630
a_125594	a_478015
a_300782	a_751445
a_227753	a_300782
a_227753	a_751445
a_370380	a_7996
a_123604	a_7996
a_123604	a_370380
a_123604	a_140993
a_140993	a_7996
a_140993	a_370380
a_106284	a_344069
a_10132	a_344069
a_10132	a_106284
a_57038	a_751446
a_57038	a_99831
a_751446	a_99831
a_455715	a_57038
a_455715	a_751446
a_455715	a_99831
a_49969	a_751447
a_1630	a_751448
a_1630	a_593144
a_593144	a_751448
a_125594	a_1630
a_125594	a_751448
a_125594	a_593144
a_751449	a_751450
a_307363	a_751449
a_307363	a_751450
a_307363	a_676085
a_163314	a_751449
a_163314	a_307363
a_163314	a_751450
a_163314	a_676085
a_676085	a_751449
a_676085	a_751450
a_100035	a_784494
a_100035	a_17264
a_17264	a_784494
a_546822	a_817272
a_227679	a_546822
a_227679	a_817272
a_227679	a_274420
a_212898	a_546822
a_212898	a_817272
a_212898	a_227679
a_212898	a_274420
a_274420	a_546822
a_274420	a_817272
a_209041	a_676904
a_817273	a_90081
a_336893	a_90081
a_336893	a_817273
a_149485	a_36574
a_364951	a_373305
a_189879	a_364951
a_189879	a_373305
a_300782	a_745000
a_300782	a_752235
a_745000	a_752235
a_17287	a_300782
a_17287	a_745000
a_17287	a_752235
a_420281	a_817274
a_420281	a_478164
a_420281	a_6080
a_478164	a_817274
a_478164	a_6080
a_6080	a_817274
a_155424	a_817275
a_36574	a_453855
a_36574	a_598171
a_453855	a_598171
a_242973	a_74918
a_266644	a_74391
a_548966	a_817276
a_548966	a_698964
a_124761	a_548966
a_124761	a_817276
a_124761	a_128571
a_124761	a_258629
a_124761	a_698964
a_124761	a_309616
a_128571	a_548966
a_128571	a_817276
a_128571	a_258629
a_128571	a_698964
a_128571	a_309616
a_258629	a_548966
a_258629	a_817276
a_258629	a_698964
a_258629	a_309616
a_698964	a_817276
a_309616	a_548966
a_309616	a_817276
a_309616	a_698964
a_274408	a_807020
a_17265	a_817277
a_498630	a_5129
a_101935	a_498630
a_101935	a_5129
a_58244	a_617999
a_58244	a_817278
a_617999	a_817278
a_40495	a_58244
a_40495	a_617999
a_40495	a_817278
a_298272	a_330007
a_274924	a_298272
a_274924	a_330007
a_373994	a_755822
a_209041	a_289544
a_152380	a_209041
a_152380	a_289544
a_221392	a_817279
a_221392	a_494219
a_494219	a_817279
a_817280	a_817281
a_240049	a_817280
a_240049	a_817281
a_240049	a_351891
a_141445	a_817280
a_141445	a_817281
a_141445	a_240049
a_141445	a_351891
a_351891	a_817280
a_351891	a_817281
a_257533	a_329628
a_185316	a_329628
a_185316	a_257533
a_106214	a_329628
a_106214	a_257533
a_106214	a_185316
a_269554	a_698984
a_110372	a_817282
a_114304	a_789814
a_224052	a_750969
a_224052	a_409602
a_224052	a_678220
a_409602	a_750969
a_409602	a_678220
a_678220	a_750969
a_817283	a_817284
a_697028	a_817283
a_697028	a_817284
a_141392	a_817283
a_141392	a_697028
a_141392	a_817284
a_141392	a_518131
a_518131	a_817283
a_518131	a_697028
a_518131	a_817284
a_4289	a_6080
a_4289	a_49969
a_4289	a_817285
a_6080	a_817285
a_49969	a_6080
a_49969	a_817285
a_817286	a_817287
a_185620	a_817286
a_185620	a_817287
a_191162	a_276022
a_191162	a_216014
a_216014	a_276022
a_471619	a_505926
a_188807	a_713846
a_36574	a_828482
a_212898	a_36574
a_212898	a_828482
a_464348	a_898434
a_188361	a_464348
a_188361	a_898434
a_434938	a_754264
a_434938	a_916433
a_364891	a_434938
a_364891	a_754264
a_364891	a_916433
a_754264	a_916433
a_291406	a_434938
a_291406	a_364891
a_291406	a_754264
a_291406	a_916433
a_2279	a_57380
a_2279	a_471221
a_471221	a_57380
a_504028	a_701321
a_326687	a_533703
a_326687	a_360419
a_360419	a_533703
a_481771	a_837184
a_236100	a_837184
a_236100	a_481771
a_916434	a_916435
a_916434	a_916436
a_128693	a_916434
a_128693	a_72292
a_128693	a_916435
a_128693	a_916436
a_128693	a_2896
a_72292	a_916434
a_72292	a_916435
a_72292	a_916436
a_916435	a_916436
a_2896	a_916434
a_2896	a_72292
a_2896	a_916435
a_2896	a_916436
a_494219	a_916437
a_2782	a_358730
a_2782	a_336893
a_189879	a_2782
a_189879	a_358730
a_189879	a_336893
a_336893	a_358730
a_205038	a_546560
a_205038	a_370481
a_128898	a_205038
a_128898	a_546560
a_128898	a_370481
a_370481	a_546560
a_123406	a_49969
a_123406	a_856321
a_49969	a_856321
a_212898	a_894132
a_36574	a_453855
a_36574	a_598171
a_453855	a_598171
a_309123	a_856321
a_101901	a_916438
a_101901	a_125594
a_125594	a_916438
a_334176	a_916439
a_297829	a_916439
a_297829	a_334176
a_109815	a_916439
a_109815	a_334176
a_109815	a_297829
a_461418	a_916440
a_4510	a_916440
a_4510	a_461418
a_744558	a_916441
a_364951	a_698984
a_364951	a_373305
a_185316	a_364951
a_185316	a_698984
a_185316	a_373305
a_373305	a_698984
a_115298	a_370380
a_115298	a_220996
a_115298	a_123604
a_115298	a_140993
a_220996	a_370380
a_123604	a_370380
a_123604	a_220996
a_123604	a_140993
a_140993	a_370380
a_140993	a_220996
a_477031	a_898342
a_274408	a_898342
a_274408	a_477031
a_274408	a_2842
a_2842	a_898342
a_2842	a_477031
a_313682	a_712707
a_313682	a_7118
a_313682	a_729969
a_313682	a_364954
a_313682	a_455721
a_712707	a_729969
a_7118	a_712707
a_7118	a_729969
a_364954	a_712707
a_364954	a_7118
a_364954	a_729969
a_364954	a_455721
a_455721	a_712707
a_455721	a_7118
a_455721	a_729969
a_101901	a_916442
a_188807	a_713846
a_17265	a_817277
a_18946	a_375079
a_18946	a_336893
a_18946	a_856321
a_375079	a_856321
a_336893	a_375079
a_336893	a_856321
a_300567	a_934678
a_1006463	a_300567
a_1006463	a_934678
a_2967	a_916442
a_2782	a_358730
a_189879	a_2782
a_189879	a_358730
a_149485	a_2782
a_149485	a_189879
a_149485	a_358730
a_765584	a_817398
a_1006465	a_430617
a_1006465	a_258629
a_258629	a_430617
a_143242	a_247222
a_143242	a_439985
a_143242	a_347825
a_247222	a_439985
a_247222	a_347825
a_347825	a_439985
a_329628	a_330016
a_257533	a_329628
a_257533	a_330016
a_300573	a_780906
a_17265	a_300573
a_17265	a_780906
a_1006466	a_948968
a_1006466	a_188807
a_188807	a_948968
a_189879	a_3887
a_123409	a_796247
a_149485	a_300782
a_1006467	a_300782
a_1006467	a_149485
a_546418	a_5660
a_546418	a_842869
a_5660	a_842869
a_223802	a_455767
a_223802	a_370419
a_174289	a_223802
a_174289	a_455767
a_174289	a_370419
a_370419	a_455767
a_1386	a_223802
a_1386	a_174289
a_1386	a_455767
a_1386	a_370419
a_329628	a_698984
a_529012	a_550291
a_191162	a_529012
a_191162	a_550291
a_258629	a_276022
a_1630	a_274420
a_1630	a_17287
a_17287	a_274420
a_326687	a_533703
a_326687	a_997317
a_326687	a_360419
a_326687	a_819811
a_533703	a_997317
a_533703	a_819811
a_360419	a_533703
a_360419	a_997317
a_360419	a_819811
a_819811	a_997317
a_546822	a_842879
a_274420	a_504028
a_1006468	a_1006469
a_1006468	a_1006470
a_1006468	a_1006471
a_1006469	a_1006470
a_1006469	a_1006471
a_1006470	a_1006471
a_734620	a_837165
a_188361	a_734620
a_188361	a_837165
a_1006472	a_519334
a_100036	a_1006472
a_100036	a_519334
a_150343	a_743005
a_150343	a_777135
a_150343	a_694312
a_743005	a_777135
a_694312	a_743005
a_694312	a_777135
a_74446	a_817344
a_232029	a_817344
a_232029	a_74446
a_713846	a_881705
a_713846	a_713882
a_191162	a_713846
a_191162	a_881705
a_191162	a_283136
a_191162	a_713882
a_19031	a_713846
a_19031	a_191162
a_19031	a_881705
a_19031	a_283136
a_19031	a_713882
a_141477	a_713846
a_141477	a_191162
a_141477	a_881705
a_141477	a_19031
a_141477	a_283136
a_141477	a_713882
a_283136	a_713846
a_283136	a_881705
a_283136	a_713882
a_1161410	a_713846
a_1161410	a_191162
a_1161410	a_881705
a_1161410	a_19031
a_1161410	a_141477
a_1161410	a_283136
a_1161410	a_713882
a_713882	a_881705
a_2782	a_358730
a_2782	a_336893
a_189879	a_2782
a_189879	a_358730
a_189879	a_336893
a_336893	a_358730
a_1161412	a_155424
a_1161412	a_1161413
a_1161413	a_155424
a_189879	a_964
a_1084	a_964
a_1084	a_189879
a_36574	a_896087
a_1161414	a_36574
a_1161414	a_896087
a_2967	a_483002
a_2967	a_358461
a_358461	a_483002
a_1630	a_953336
a_1127571	a_1630
a_1127571	a_953336
a_326687	a_533703
a_682409	a_959115
a_464349	a_959115
a_464349	a_682409
a_188807	a_959115
a_188807	a_682409
a_188807	a_464349
a_184774	a_923980
a_184774	a_2896
a_117291	a_923980
a_117291	a_184774
a_117291	a_117292
a_117291	a_2896
a_117292	a_923980
a_117292	a_184774
a_117292	a_2896
a_2896	a_923980
a_1161416	a_923980
a_1161416	a_184774
a_1161416	a_117291
a_1161416	a_117292
a_1161416	a_2896
a_191162	a_916434
a_191162	a_814257
a_814257	a_916434
a_173585	a_90310
a_173585	a_512734
a_173585	a_411755
a_512734	a_90310
a_411755	a_90310
a_411755	a_512734
a_129999	a_966631
a_129999	a_5227
a_5227	a_966631
a_1161417	a_554758
a_1161417	a_262202
a_1161417	a_313693
a_262202	a_554758
a_262202	a_313693
a_313693	a_554758
a_293834	a_709810
a_330004	a_934016
a_2474	a_387285
a_300573	a_780906
a_17265	a_300573
a_17265	a_780906
a_474167	a_819811
a_474167	a_796247
a_155424	a_474167
a_155424	a_819811
a_155424	a_796247
a_796247	a_819811
a_1630	a_2967
a_1630	a_902307
a_2967	a_902307
a_138496	a_617999
a_269554	a_330007
a_1161419	a_40487
a_745001	a_762776
a_155424	a_762776
a_155424	a_745001
a_1349326	a_762776
a_1349326	a_745001
a_1349326	a_155424
a_1006376	a_817277
a_126754	a_721321
a_126754	a_1349327
a_1349327	a_721321
a_17269	a_189879
a_1349328	a_899324
a_1349328	a_842869
a_842869	a_899324
a_188807	a_959098
a_17268	a_478159
a_329628	a_411755
a_185316	a_329628
a_185316	a_411755
a_185316	a_293834
a_293834	a_329628
a_293834	a_411755
a_1349329	a_842869
a_1098666	a_484472
a_1098666	a_598171
a_1098666	a_77279
a_484472	a_598171
a_484472	a_77279
a_598171	a_77279
a_483618	a_682409
a_483618	a_948968
a_483618	a_698984
a_682409	a_948968
a_682409	a_698984
a_464349	a_483618
a_464349	a_682409
a_464349	a_948968
a_464349	a_698984
a_698984	a_948968
a_1274818	a_783403
a_1349330	a_546561
a_326687	a_533703
a_1049513	a_155424
a_1049513	a_1161413
a_1161413	a_155424
a_1349331	a_713846
a_1349331	a_188807
a_188807	a_713846
a_1072756	a_51656
a_1072756	a_125594
a_125594	a_51656
a_300567	a_934678
a_1349332	a_300567
a_1349332	a_934678
a_1006463	a_300567
a_1006463	a_934678
a_1006463	a_1349332
a_1349333	a_464345
a_1349333	a_212898
a_212898	a_464345
a_1049519	a_1209637
a_1049519	a_748903
a_1049519	a_360419
a_1209637	a_748903
a_1209637	a_360419
a_360419	a_748903
a_189879	a_837231
a_189879	a_336893
a_336893	a_837231
a_2782	a_780906
a_2782	a_898341
a_2782	a_336788
a_780906	a_898341
a_336788	a_780906
a_336788	a_898341
a_258595	a_2782
a_258595	a_780906
a_258595	a_898341
a_258595	a_336788
a_1349334	a_314124
a_1349334	a_334176
a_314124	a_334176
a_330004	a_411755
a_1349335	a_330004
a_1349335	a_411755
a_1349335	a_293834
a_293834	a_330004
a_293834	a_411755
a_209041	a_676904
a_152380	a_209041
a_152380	a_676904
a_407557	a_576747
a_246157	a_431772
a_1072756	a_125594
a_115298	a_220996
a_1491140	a_1491141
a_1491140	a_258617
a_1491141	a_258617
a_1491142	a_185316
a_1491142	a_1491143
a_1491142	a_240196
a_185316	a_240196
a_1491143	a_185316
a_1491143	a_240196
a_1105819	a_512734
a_300567	a_934678
a_1126932	a_300567
a_1126932	a_934678
a_326687	a_533703
a_326687	a_420282
a_420282	a_533703
a_1105819	a_512734
a_1105819	a_512734
a_1182382	a_411755
a_1096818	a_881803
a_1491144	a_188361
a_1072921	a_1491144
a_1072921	a_188361
a_1491144	a_188361
a_1072921	a_1491144
a_1072921	a_125594
a_1072921	a_188361
a_125594	a_1491144
a_125594	a_188361
a_1267428	a_1491145
a_1267428	a_920533
a_1491145	a_920533
a_105516	a_1267428
a_105516	a_1491145
a_105516	a_920533
a_298231	a_926
a_298231	a_901740
a_125594	a_926
a_125594	a_298231
a_125594	a_901740
a_901740	a_926
a_1126938	a_926
a_1126938	a_298231
a_1126938	a_125594
a_1126938	a_901740
a_155424	a_474167
a_1349332	a_474167
a_1349332	a_155424
a_364469	a_817277
a_364469	a_745008
a_745008	a_817277
a_126754	a_2967
a_126754	a_732061
a_2967	a_732061
a_1370500	a_188807
a_300567	a_934678
a_1140499	a_748903
a_1140499	a_360419
a_360419	a_748903
a_1047745	a_485746
a_17265	a_817277
a_1215309	a_1630
a_1215309	a_1491146
a_1006378	a_1630
a_1006378	a_1215309
a_1006378	a_1491146
a_1491146	a_1630
a_1491147	a_360419
a_141820	a_1491147
a_141820	a_360419
a_2782	a_780906
a_2782	a_898341
a_2782	a_336788
a_780906	a_898341
a_336788	a_780906
a_336788	a_898341
a_258595	a_2782
a_258595	a_780906
a_258595	a_898341
a_258595	a_336788
a_1173276	a_274924
a_1173276	a_698984
a_274924	a_698984
a_1640197	a_258625
a_115287	a_258625
a_115287	a_1640197
a_554758	a_90310
a_1640198	a_90310
a_1640198	a_554758
a_1640198	a_1640199
a_1640198	a_411755
a_1640199	a_90310
a_1640199	a_554758
a_1640199	a_411755
a_1349335	a_90310
a_1349335	a_554758
a_1349335	a_1640198
a_1349335	a_1640199
a_1349335	a_411755
a_411755	a_90310
a_411755	a_554758
a_189879	a_511
a_189879	a_49969
a_49969	a_511
a_372209	a_455720
a_330025	a_372209
a_330025	a_455720
a_1006376	a_372209
a_1006376	a_330025
a_1006376	a_455720
a_1640200	a_314124
a_1640200	a_1640201
a_1640201	a_314124
a_1640202	a_274929
a_546561	a_709871
a_1640203	a_934678
a_1640203	a_453855
a_453855	a_934678
a_1414222	a_1640203
a_1414222	a_934678
a_1414222	a_453855
a_1640204	a_748903
a_1105819	a_512734
a_5659	a_812238
a_5659	a_913006
a_812238	a_913006
a_1370500	a_1640205
a_1370500	a_513546
a_1370500	a_800973
a_1370500	a_188807
a_1640205	a_513546
a_1640205	a_800973
a_1640205	a_188807
a_513546	a_800973
a_188807	a_513546
a_188807	a_800973
a_189879	a_2782
a_129496	a_1402258
a_1640206	a_330016
a_167458	a_90310
a_1391661	a_90310
a_1391661	a_167458
a_1391661	a_1640207
a_1640207	a_90310
a_1640207	a_167458
a_1349332	a_1640208
a_1166971	a_1640208
a_1166971	a_1349332
a_155424	a_474167
a_1172731	a_474167
a_1172731	a_155424
a_273652	a_615538
a_273652	a_533703
a_533703	a_615538
a_294980	a_928708
a_294980	a_330016
a_294980	a_676905
a_330016	a_928708
a_330016	a_676905
a_676905	a_928708
a_617363	a_676905
a_1491173	a_411755
a_1491173	a_293834
a_293834	a_411755
a_1360005	a_1640209
a_1360005	a_931646
a_1640209	a_931646
a_103059	a_965
a_103059	a_5660
a_103059	a_777
a_103059	a_17287
a_103059	a_360419
a_5660	a_965
a_5660	a_777
a_777	a_965
a_101901	a_103059
a_101901	a_965
a_101901	a_5660
a_101901	a_777
a_101901	a_17287
a_101901	a_360419
a_17287	a_965
a_17287	a_5660
a_17287	a_777
a_17287	a_360419
a_360419	a_965
a_360419	a_5660
a_360419	a_777
a_2782	a_780906
a_2782	a_856321
a_780906	a_856321
a_1072765	a_2782
a_1072765	a_780906
a_1072765	a_856321
a_1807855	a_274420
a_1807856	a_483823
a_1209003	a_517841
a_1807857	a_965
a_1172731	a_1807857
a_1172731	a_965
a_1630	a_17287
a_1120087	a_155424
a_1120087	a_796247
a_155424	a_796247
a_141820	a_1491147
a_106646	a_1491147
a_106646	a_141820
a_110231	a_90310
a_110231	a_262945
a_110231	a_789838
a_110231	a_411755
a_110231	a_1640207
a_262945	a_90310
a_262945	a_789838
a_262945	a_411755
a_789838	a_90310
a_411755	a_90310
a_411755	a_789838
a_1640207	a_90310
a_1640207	a_262945
a_1640207	a_789838
a_1640207	a_411755
a_1349429	a_223347
a_1349429	a_17266
a_1349429	a_141363
a_1349429	a_53220
a_223347	a_53220
a_17266	a_223347
a_17266	a_53220
a_141363	a_223347
a_141363	a_17266
a_141363	a_53220
a_1526949	a_483003
a_1526949	a_273653
a_1526949	a_326870
a_1526949	a_760749
a_483003	a_760749
a_273653	a_483003
a_273653	a_326870
a_273653	a_760749
a_326870	a_483003
a_326870	a_760749
a_189879	a_817277
a_1167021	a_1451481
a_1167021	a_701321
a_1167021	a_144041
a_1451481	a_701321
a_144041	a_1451481
a_144041	a_701321
a_1521805	a_55638
a_1521805	a_188807
a_188807	a_55638
a_1808955	a_512734
a_1808955	a_373298
a_1808955	a_1808956
a_1274703	a_1808955
a_1274703	a_512734
a_1274703	a_373298
a_1274703	a_1808956
a_373298	a_512734
a_1808956	a_512734
a_1808956	a_373298
a_123409	a_1658907
a_1126932	a_123409
a_1126932	a_1658907
a_1041997	a_812269
a_274420	a_816052
a_1408392	a_816052
a_1408392	a_274420
a_1011840	a_1243007
a_1011840	a_358461
a_1011840	a_2967
a_1243007	a_358461
a_1243007	a_2967
a_2967	a_358461
a_1409565	a_617962
a_1409565	a_1810633
a_1810633	a_617962
a_189891	a_273653
a_189891	a_760749
a_273653	a_760749
a_126754	a_49969
a_125594	a_126754
a_125594	a_49969
a_258625	a_373308
a_258625	a_671968
a_1807248	a_258625
a_1807248	a_373308
a_1807248	a_671968
a_373308	a_671968
a_237902	a_494219
a_237902	a_274420
a_274420	a_494219
a_453855	a_90081
a_1451479	a_90081
a_1451479	a_453855
a_1099723	a_90081
a_1099723	a_453855
a_1099723	a_1451479
a_326687	a_533703
a_155424	a_326687
a_155424	a_533703
a_1414222	a_323502
a_1807877	a_512734
a_1779220	a_1807877
a_1779220	a_512734
a_126754	a_1451481
a_126754	a_1920175
a_1451481	a_1920175
a_1491147	a_1979021
a_1491147	a_360419
a_1979021	a_360419
a_1120587	a_1491147
a_1120587	a_1979021
a_1120587	a_360419
a_209041	a_289544
a_209041	a_755530
a_209041	a_710045
a_209041	a_710046
a_289544	a_755530
a_289544	a_710045
a_289544	a_710046
a_710045	a_755530
a_710045	a_710046
a_710046	a_755530
a_282220	a_476871
a_246157	a_431772
a_1521805	a_55638
a_1521805	a_188807
a_188807	a_55638
a_2782	a_780906
a_2782	a_856321
a_780906	a_856321
a_1072765	a_2782
a_1072765	a_780906
a_1072765	a_856321
a_372209	a_738766
a_372209	a_455720
a_1452820	a_372209
a_1452820	a_738766
a_1452820	a_455720
a_455720	a_738766
a_2967	a_300567
a_1099356	a_300567
a_1099356	a_2967
a_330004	a_842869
a_1659003	a_330004
a_1659003	a_842869
a_36574	a_465249
a_1991966	a_36574
a_1991966	a_465249
a_1506548	a_370419
a_1506548	a_485998
a_1212817	a_1506548
a_1212817	a_370419
a_1212817	a_485998
a_1212817	a_1386
a_370419	a_485998
a_1386	a_1506548
a_1386	a_370419
a_1386	a_485998
a_474167	a_965
a_1172731	a_474167
a_1172731	a_965
a_1413599	a_330004
