t_3450	a_5226
t_3450	v_264219
t_3451	a_4010
t_3451	a_5227
t_3451	v_264219
t_3452	a_5228
t_3452	v_264219
t_3453	a_5229
t_3453	v_264219
t_3454	a_5230
t_3454	a_5231
t_3454	v_264219
t_3455	a_3750
t_3455	a_5232
t_3455	v_264219
t_11602	a_8875
t_11602	a_17264
t_11602	a_17265
t_11602	a_13265
t_11602	v_264219
t_11603	a_3887
t_11603	a_17266
t_11603	a_3889
t_11603	a_17267
t_11603	a_17265
t_11603	a_13265
t_11603	v_264219
t_11604	a_17268
t_11604	v_264219
t_11605	a_10016
t_11605	a_728
t_11605	v_264219
t_11606	a_17269
t_11606	v_264219
t_11607	a_8875
t_11607	a_17270
t_11607	v_264219
t_11608	a_17271
t_11608	a_17272
t_11608	v_264219
t_11609	a_17273
t_11609	v_264219
t_11610	a_17274
t_11610	a_17275
t_11610	v_264219
t_11611	a_17276
t_11611	v_264219
t_11612	a_17277
t_11612	a_5131
t_11612	v_264219
t_11613	a_12623
t_11613	a_12624
t_11613	a_17278
t_11613	v_264219
t_11614	a_17279
t_11614	a_17280
t_11614	v_264219
t_11615	a_17281
t_11615	a_17282
t_11615	v_264219
t_11616	a_10015
t_11616	a_1593
t_11616	v_264219
t_11617	a_17283
t_11617	a_17284
t_11617	v_264219
t_11618	a_704
t_11618	a_17285
t_11618	v_264219
t_11619	a_17286
t_11619	v_264219
t_11620	a_1630
t_11620	a_17287
t_11620	v_264219
t_11621	a_17288
t_11621	a_11752
t_11621	v_264219
t_11622	a_17289
t_11622	v_264219
t_11623	a_17290
t_11623	v_264219
t_11624	a_17291
t_11624	a_17292
t_11624	v_264219
t_11625	a_10015
t_11625	v_264219
t_23319	a_690
t_23319	v_264219
t_23320	a_33489
t_23320	v_264219
t_23321	a_33490
t_23321	v_264219
t_23322	a_33491
t_23322	a_33492
t_23322	a_33493
t_23322	a_33494
t_23322	a_33495
t_23322	v_264219
t_23323	a_33496
t_23323	a_33497
t_23323	v_264219
t_23324	a_33498
t_23324	a_33499
t_23324	v_264219
t_23325	a_33500
t_23325	v_264219
t_23326	a_33501
t_23326	a_33502
t_23326	a_33503
t_23326	v_264219
t_23327	a_33504
t_23327	a_33505
t_23327	v_264219
t_23328	a_33506
t_23328	v_264219
t_23329	a_33507
t_23329	a_33508
t_23329	a_33509
t_23329	a_33510
t_23329	v_264219
t_23330	a_33511
t_23330	a_33512
t_23330	v_264219
t_23331	a_33513
t_23331	a_33514
t_23331	v_264219
t_23332	a_33515
t_23332	v_264219
t_23333	a_33516
t_23333	v_264219
t_23334	a_33517
t_23334	a_33518
t_23334	v_264219
t_23335	a_33519
t_23335	v_264219
t_23336	a_33520
t_23336	v_264219
t_23337	a_33521
t_23337	a_33522
t_23337	a_33523
t_23337	v_264219
t_23338	a_33524
t_23338	a_33525
t_23338	v_264219
t_23339	a_33526
t_23339	v_264219
t_23340	a_33527
t_23340	v_264219
t_23341	a_33528
t_23341	v_264219
t_23342	a_33529
t_23342	a_33530
t_23342	v_264219
t_23343	a_33491
t_23343	a_33531
t_23343	a_33532
t_23343	a_33493
t_23343	v_264219
t_23344	a_33533
t_23344	a_33534
t_23344	v_264219
t_23345	a_33535
t_23345	v_264219
t_23346	a_33536
t_23346	v_264219
t_23347	a_33537
t_23347	a_33538
t_23347	a_33539
t_23347	a_33540
t_23347	v_264219
t_23348	a_33541
t_23348	a_33540
t_23348	v_264219
t_23349	a_33491
t_23349	a_33493
t_23349	v_264219
t_23350	a_33542
t_23350	a_33543
t_23350	a_33522
t_23350	v_264219
t_23351	a_33544
t_23351	a_33545
t_23351	a_33546
t_23351	v_264219
t_23352	a_33547
t_23352	v_264219
t_23353	a_33548
t_23353	a_33549
t_23353	v_264219
t_23354	a_33550
t_23354	a_33532
t_23354	a_1464
t_23354	v_264219
t_23355	a_33533
t_23355	v_264219
t_23356	a_33551
t_23356	v_264219
t_62841	a_5226
t_62841	v_264219
t_62842	a_33548
t_62842	v_264219
t_62843	a_71506
t_62843	v_264219
t_62844	a_84495
t_62844	v_264219
t_62845	a_84496
t_62845	v_264219
t_62846	a_33528
t_62846	a_84497
t_62846	v_264219
t_62847	a_33496
t_62847	a_84498
t_62847	v_264219
t_62848	a_33542
t_62848	v_264219
t_62849	a_84334
t_62849	v_264219
t_62850	a_71512
t_62850	v_264219
t_62851	a_33504
t_62851	a_84499
t_62851	v_264219
t_62852	a_2667
t_62852	v_264219
t_62853	a_56347
t_62853	v_264219
t_62854	a_84500
t_62854	a_84501
t_62854	v_264219
t_62855	a_84502
t_62855	v_264219
t_62856	a_33489
t_62856	v_264219
t_62857	a_63757
t_62857	v_264219
t_62858	a_33551
t_62858	a_46236
t_62858	v_264219
t_62859	a_33550
t_62859	a_33534
t_62859	a_77289
t_62859	a_84503
t_62859	v_264219
t_62860	a_84504
t_62860	v_264219
t_62861	a_84505
t_62861	a_33534
t_62861	v_264219
t_62862	a_84506
t_62862	a_33512
t_62862	v_264219
t_62863	a_84507
t_62863	v_264219
t_62864	a_40518
t_62864	v_264219
t_62865	a_84508
t_62865	a_84509
t_62865	v_264219
t_62866	a_61825
t_62866	a_84510
t_62866	v_264219
t_62867	a_61825
t_62867	a_84511
t_62867	v_264219
t_62868	a_62782
t_62868	v_264219
t_62869	a_84512
t_62869	a_84513
t_62869	v_264219
t_62870	a_64594
t_62870	v_264219
t_62871	a_46141
t_62871	a_53113
t_62871	v_264219
t_62872	a_84514
t_62872	v_264219
t_62873	a_64598
t_62873	a_42904
t_62873	v_264219
t_62874	a_83784
t_62874	a_84515
t_62874	v_264219
t_62875	a_63784
t_62875	a_84516
t_62875	v_264219
t_62876	a_64602
t_62876	a_2118
t_62876	v_264219
t_62877	a_84517
t_62877	a_47126
t_62877	v_264219
t_62878	a_64588
t_62878	a_84518
t_62878	v_264219
t_62879	a_37435
t_62879	v_264219
t_98252	a_125576
t_98252	a_1315
t_98252	a_111434
t_98252	a_965
t_98252	v_264219
t_98253	a_3887
t_98253	a_36490
t_98253	a_728
t_98253	v_264219
t_98254	a_125577
t_98254	v_264219
t_98255	a_10111
t_98255	a_125578
t_98255	a_4690
t_98255	v_264219
t_98256	a_3104
t_98256	a_45307
t_98256	v_264219
t_98257	a_125579
t_98257	a_117906
t_98257	v_264219
t_98258	a_37380
t_98258	a_125580
t_98258	v_264219
t_98259	a_125581
t_98259	a_100061
t_98259	a_125582
t_98259	v_264219
t_98260	a_2236
t_98260	v_264219
t_98261	a_125583
t_98261	a_67494
t_98261	v_264219
t_98262	a_125584
t_98262	v_264219
t_98263	a_106196
t_98263	a_19035
t_98263	v_264219
t_98264	a_110530
t_98264	v_264219
t_98265	a_110372
t_98265	a_125585
t_98265	a_5227
t_98265	v_264219
t_98266	a_117284
t_98266	v_264219
t_98267	a_13253
t_98267	a_13254
t_98267	a_120722
t_98267	v_264219
t_98268	a_3390
t_98268	a_4469
t_98268	v_264219
t_98269	a_125586
t_98269	v_264219
t_98270	a_2236
t_98270	v_264219
t_98271	a_125587
t_98271	a_13266
t_98271	v_264219
t_98272	a_125588
t_98272	a_17265
t_98272	v_264219
t_98273	a_125589
t_98273	a_77279
t_98273	v_264219
t_98274	a_33506
t_98274	a_33503
t_98274	a_125590
t_98274	v_264219
t_98275	a_125591
t_98275	v_264219
t_98276	a_125592
t_98276	a_105516
t_98276	v_264219
t_98277	a_125593
t_98277	a_123975
t_98277	a_9326
t_98277	v_264219
t_98278	a_123406
t_98278	a_6080
t_98278	v_264219
t_98279	a_964
t_98279	a_125594
t_98279	v_264219
t_98280	a_124286
t_98280	a_17287
t_98280	v_264219
t_98281	a_511
t_98281	a_106284
t_98281	v_264219
t_119612	a_964
t_119612	v_264219
t_119614	a_11758
t_119614	a_728
t_119614	v_264219
t_119616	a_1630
t_119616	a_147499
t_119616	a_17287
t_119616	v_264219
t_119617	a_30711
t_119617	v_264219
t_119619	a_147501
t_119619	v_264219
t_119620	a_125584
t_119620	a_965
t_119620	v_264219
t_119622	a_147506
t_119622	a_17265
t_119622	v_264219
t_119624	a_77268
t_119624	v_264219
t_119626	a_964
t_119626	a_19031
t_119626	a_106214
t_119626	a_147517
t_119626	v_264219
t_120274	a_120801
t_120274	a_5227
t_120274	a_148341
t_120274	v_264219
t_120286	a_2236
t_120286	a_17265
t_120286	v_264219
t_120288	a_19053
t_120288	v_264219
t_120289	a_141382
t_120289	a_4695
t_120289	v_264219
t_120292	a_7972
t_120292	a_467
t_120292	v_264219
t_120295	a_141391
t_120295	a_141392
t_120295	a_141393
t_120295	a_35383
t_120295	a_53220
t_120295	v_264219
t_120297	a_964
t_120297	a_125594
t_120297	v_264219
t_120300	a_123406
t_120300	a_49969
t_120300	v_264219
t_120303	a_26630
t_120303	v_264219
t_120307	a_143883
t_120307	a_76198
t_120307	a_148375
t_120307	v_264219
t_120311	a_77308
t_120311	a_83802
t_120311	a_141369
t_120311	v_264219
t_120314	a_103122
t_120314	a_148386
t_120314	v_264219
t_120316	a_126608
t_120316	a_3751
t_120316	a_76836
t_120316	v_264219
t_120320	a_148392
t_120320	a_2967
t_120320	v_264219
t_120323	a_77281
t_120323	v_264219
t_105776	a_133506
t_105776	a_133507
t_105776	a_133508
t_105776	a_42910
t_105776	v_264219
t_120328	a_5126
t_120328	a_148401
t_120328	v_264219
t_120330	a_148405
t_120330	a_19031
t_120330	v_264219
t_120333	a_100071
t_120333	v_264219
t_120335	a_124301
t_120335	v_264219
t_120338	a_2236
t_120338	v_264219
t_120340	a_148413
t_120340	a_148414
t_120340	v_264219
t_120343	a_29977
t_120343	v_264219
t_120346	a_125586
t_120346	v_264219
t_119500	a_536
t_119500	a_120778
t_119500	v_264219
t_134815	a_123406
t_134815	a_49969
t_134815	a_58144
t_134815	v_264219
t_134816	a_163313
t_134816	v_264219
t_134817	a_123409
t_134817	a_163314
t_134817	v_264219
t_134818	a_124286
t_134818	a_125594
t_134818	v_264219
t_134819	a_125584
t_134819	a_965
t_134819	v_264219
t_134820	a_124293
t_134820	v_264219
t_134821	a_74872
t_134821	v_264219
t_134822	a_163315
t_134822	a_163316
t_134822	a_141393
t_134822	a_35383
t_134822	a_53220
t_134822	v_264219
t_134823	a_147506
t_134823	a_148414
t_134823	a_17265
t_134823	a_1593
t_134823	v_264219
t_134824	a_29977
t_134824	v_264219
t_134825	a_125584
t_134825	v_264219
t_134826	a_135623
t_134826	v_264219
t_134827	a_148392
t_134827	a_2967
t_134827	v_264219
t_134828	a_106647
t_134828	a_49656
t_134828	v_264219
t_134834	a_19053
t_134834	v_264219
t_134837	a_141402
t_134837	a_105516
t_134837	a_124305
t_134837	a_141403
t_134837	v_264219
t_134838	a_77281
t_134838	a_163326
t_134838	v_264219
t_134839	a_163327
t_134839	a_58451
t_134839	a_163328
t_134839	a_1202
t_134839	v_264219
t_134841	a_123216
t_134841	a_40488
t_134841	a_1386
t_134841	v_264219
t_134845	a_2496
t_134845	a_163333
t_134845	a_163334
t_134845	a_90101
t_134845	v_264219
t_134864	a_163359
t_134864	a_61486
t_134864	v_264219
t_134868	a_163364
t_134868	a_5131
t_134868	a_111063
t_134868	v_264219
t_134869	a_163365
t_134869	a_17287
t_134869	v_264219
t_134879	a_163376
t_134879	a_163377
t_134879	v_264219
t_134891	a_163315
t_134891	a_35383
t_134891	a_2317
t_134891	v_264219
t_134892	a_106116
t_134892	a_100036
t_134892	a_163388
t_134892	v_264219
t_149386	a_178603
t_149386	v_264219
t_62862	a_179826
t_62862	a_179827
t_62862	v_264219
t_150850	a_110176
t_150850	a_76198
t_150850	v_264219
t_150852	a_18955
t_150852	a_179828
t_150852	v_264219
t_150854	a_511
t_150854	a_77280
t_150854	v_264219
t_62868	a_12280
t_62868	v_264219
t_62842	a_19053
t_62842	v_264219
t_150857	a_106213
t_150857	a_17265
t_150857	a_777
t_150857	a_965
t_150857	v_264219
t_160775	a_2377
t_160775	v_264219
t_153771	a_19064
t_153771	a_182760
t_153771	v_264219
t_160776	a_141402
t_160776	a_105516
t_160776	a_141403
t_160776	v_264219
t_160777	a_189876
t_160777	a_189877
t_160777	v_264219
t_160778	a_124634
t_160778	a_17275
t_160778	v_264219
t_160779	a_148413
t_160779	a_17265
t_160779	a_777
t_160779	a_4510
t_160779	v_264219
t_160780	a_189878
t_160780	a_147517
t_160780	v_264219
t_160781	a_125587
t_160781	v_264219
t_160782	a_1990
t_160782	v_264219
t_160783	a_105356
t_160783	a_123331
t_160783	v_264219
t_160784	a_125584
t_160784	a_189879
t_160784	v_264219
t_160785	a_189880
t_160785	v_264219
t_160786	a_125584
t_160786	a_965
t_160786	v_264219
t_160787	a_106296
t_160787	a_189881
t_160787	a_189882
t_160787	v_264219
t_160788	a_189883
t_160788	a_148386
t_160788	a_83802
t_160788	v_264219
t_160789	a_77308
t_160789	a_189884
t_160789	a_83802
t_160789	a_127595
t_160789	v_264219
t_160790	a_189885
t_160790	v_264219
t_160791	a_123409
t_160791	a_163314
t_160791	v_264219
t_160792	a_188360
t_160792	a_77269
t_160792	v_264219
t_160793	a_77293
t_160793	a_41723
t_160793	a_1548
t_160793	a_49969
t_160793	v_264219
t_160794	a_106196
t_160794	a_1593
t_160794	v_264219
t_160795	a_188360
t_160795	a_6080
t_160795	v_264219
t_160796	a_189886
t_160796	a_36501
t_160796	v_264219
t_160797	a_125576
t_160797	a_1315
t_160797	v_264219
t_160798	a_115015
t_160798	a_125594
t_160798	a_106646
t_160798	v_264219
t_160802	a_189891
t_160802	a_128898
t_160802	v_264219
t_160805	a_72924
t_160805	a_189894
t_160805	v_264219
t_160820	a_148392
t_160820	a_2967
t_160820	a_123331
t_160820	v_264219
t_160821	a_74395
t_160821	a_141820
t_160821	a_49969
t_160821	v_264219
t_160833	a_124286
t_160833	a_77280
t_160833	v_264219
t_160834	a_37980
t_160834	v_264219
t_160835	a_126608
t_160835	a_189941
t_160835	a_705
t_160835	v_264219
t_186211	a_10015
t_186211	a_200936
t_186211	v_264219
t_186221	a_216030
t_186221	a_216031
t_186221	a_46237
t_186221	v_264219
t_186222	a_102170
t_186222	a_105516
t_186222	v_264219
t_127491	a_2496
t_127491	a_774
t_127491	a_76836
t_127491	v_264219
t_186226	a_77308
t_186226	a_83802
t_186226	v_264219
t_186227	a_210827
t_186227	v_264219
t_186229	a_105525
t_186229	v_264219
t_186230	a_90081
t_186230	a_965
t_186230	v_264219
t_187423	a_3109
t_187423	v_264219
t_186620	a_11758
t_186620	v_264219
t_187426	a_110394
t_187426	a_125594
t_187426	v_264219
t_187429	a_217297
t_187429	a_217298
t_187429	v_264219
t_187433	a_45310
t_187433	a_3751
t_187433	a_125594
t_187433	v_264219
t_187436	a_145814
t_187436	v_264219
t_187438	a_125588
t_187438	a_123704
t_187438	a_11494
t_187438	a_124770
t_187438	v_264219
t_187442	a_124286
t_187442	a_77280
t_187442	v_264219
t_187444	a_77281
t_187444	a_217304
t_187444	v_264219
t_187447	a_163327
t_187447	a_58451
t_187447	a_217306
t_187447	v_264219
t_187450	a_90081
t_187450	v_264219
t_187453	a_197533
t_187453	a_19614
t_187453	v_264219
t_187457	a_217313
t_187457	a_15661
t_187457	v_264219
t_187460	a_217314
t_187460	a_141359
t_187460	a_75307
t_187460	v_264219
t_187463	a_690
t_187463	v_264219
t_187465	a_217320
t_187465	a_217321
t_187465	v_264219
t_187466	a_146591
t_187466	v_264219
t_194145	a_205146
t_194145	a_3751
t_194145	a_17265
t_194145	v_264219
t_194146	a_224345
t_194146	a_17265
t_194146	a_777
t_194146	v_264219
t_194147	a_45310
t_194147	a_148414
t_194147	a_2317
t_194147	v_264219
t_194148	a_1592
t_194148	v_264219
t_194149	a_224346
t_194149	a_17287
t_194149	v_264219
t_194150	a_77268
t_194150	a_77280
t_194150	v_264219
t_194151	a_132439
t_194151	a_132442
t_194151	a_224347
t_194151	a_132441
t_194151	v_264219
t_194153	a_205146
t_194153	a_17265
t_194153	v_264219
t_194155	a_106195
t_194155	v_264219
t_194157	a_2236
t_194157	v_264219
t_194159	a_199427
t_194159	a_5131
t_194159	v_264219
t_194162	a_224361
t_194162	a_224362
t_194162	a_6080
t_194162	a_141820
t_194162	v_264219
t_194163	a_123409
t_194163	v_264219
t_197501	a_106391
t_197501	a_122187
t_197501	v_264219
t_205636	a_110381
t_205636	v_264219
t_209369	a_511
t_209369	v_264219
t_209374	a_5793
t_209374	v_264219
t_209375	a_126754
t_209375	a_203231
t_209375	a_155424
t_209375	a_163314
t_209375	v_264219
t_209377	a_217320
t_209377	a_217321
t_209377	v_264219
t_209380	a_124286
t_209380	a_77280
t_209380	v_264219
t_209381	a_91105
t_209381	a_239841
t_209381	a_239842
t_209381	v_264219
t_209382	a_1630
t_209382	a_239843
t_209382	a_141820
t_209382	v_264219
t_209384	a_206863
t_209384	v_264219
t_209388	a_157276
t_209388	a_227692
t_209388	a_467
t_209388	v_264219
t_209391	a_71265
t_209391	a_239849
t_209391	a_33540
t_209391	v_264219
t_209394	a_4289
t_209394	a_194523
t_209394	a_239853
t_209394	v_264219
t_209395	a_964
t_209395	a_125594
t_209395	a_239854
t_209395	v_264219
t_209396	a_126754
t_209396	a_236126
t_209396	a_155424
t_209396	v_264219
t_209397	a_161789
t_209397	a_106214
t_209397	v_264219
t_209398	a_199868
t_209398	v_264219
t_209399	a_163327
t_209399	a_58451
t_209399	v_264219
t_209400	a_239855
t_209400	a_45326
t_209400	v_264219
t_209401	a_110372
t_209401	a_239856
t_209401	a_53220
t_209401	v_264219
t_209402	a_236060
t_209402	a_239857
t_209402	a_178702
t_209402	a_99859
t_209402	v_264219
t_209403	a_45310
t_209403	a_3751
t_209403	a_148414
t_209403	v_264219
t_209404	a_1370
t_209404	a_239858
t_209404	v_264219
t_209405	a_941
t_209405	v_264219
t_209406	a_2782
t_209406	v_264219
t_209407	a_205146
t_209407	a_236094
t_209407	a_777
t_209407	v_264219
t_209408	a_224345
t_209408	a_777
t_209408	v_264219
t_213871	a_51623
t_213871	v_264219
t_213872	a_511
t_213872	v_264219
t_223009	a_253861
t_223009	a_120659
t_223009	a_100035
t_223009	v_264219
t_232082	a_262759
t_232082	a_262760
t_232082	v_264219
t_232084	a_197568
t_232084	a_141392
t_232084	a_53220
t_232084	v_264219
t_232085	a_11758
t_232085	a_728
t_232085	v_264219
t_232086	a_205146
t_232086	a_188807
t_232086	v_264219
t_232087	a_3622
t_232087	a_77280
t_232087	v_264219
t_232088	a_262764
t_232088	a_262765
t_232088	a_19031
t_232088	v_264219
t_232089	a_511
t_232089	v_264219
t_232090	a_4289
t_232090	a_141820
t_232090	a_49969
t_232090	v_264219
t_232091	a_262766
t_232091	a_35185
t_232091	a_262767
t_232091	a_49969
t_232091	v_264219
t_232092	a_253864
t_232092	a_253865
t_232092	a_253867
t_232092	a_106381
t_232092	v_264219
t_232093	a_126754
t_232093	a_155424
t_232093	v_264219
t_232094	a_964
t_232094	a_205364
t_232094	a_188054
t_232094	v_264219
t_232095	a_262768
t_232095	a_2474
t_232095	v_264219
t_232096	a_18946
t_232096	v_264219
t_232097	a_1630
t_232097	a_17287
t_232097	v_264219
t_232098	a_115015
t_232098	a_125594
t_232098	v_264219
t_232099	a_715
t_232099	a_262769
t_232099	v_264219
t_232100	a_262770
t_232100	a_179882
t_232100	a_100036
t_232100	v_264219
t_232101	a_77308
t_232101	a_83802
t_232101	a_262771
t_232101	v_264219
t_232102	a_58446
t_232102	a_35383
t_232102	v_264219
t_232103	a_3446
t_232103	v_264219
t_232104	a_191675
t_232104	a_262772
t_232104	a_262773
t_232104	a_124290
t_232104	v_264219
t_232105	a_262774
t_232105	a_123331
t_232105	a_188381
t_232105	a_197582
t_232105	v_264219
t_232106	a_262775
t_232106	a_262776
t_232106	a_77279
t_232106	v_264219
t_232107	a_75116
t_232107	a_91006
t_232107	a_45311
t_232107	v_264219
t_232108	a_262777
t_232108	a_106106
t_232108	v_264219
t_232109	a_178715
t_232109	a_229081
t_232109	a_1084
t_232109	v_264219
t_232110	a_262778
t_232110	a_19031
t_232110	a_262779
t_232110	a_262780
t_232110	v_264219
t_242652	a_2782
t_242652	v_264219
t_242653	a_273643
t_242653	a_141820
t_242653	v_264219
t_242654	a_273644
t_242654	a_62954
t_242654	v_264219
t_242655	a_273645
t_242655	a_5129
t_242655	a_152040
t_242655	a_34751
t_242655	v_264219
t_242656	a_125584
t_242656	v_264219
t_242657	a_273646
t_242657	a_178684
t_242657	v_264219
t_242658	a_110204
t_242658	a_273647
t_242658	v_264219
t_242659	a_57507
t_242659	a_273648
t_242659	a_143992
t_242659	v_264219
t_242660	a_10131
t_242660	a_273649
t_242660	v_264219
t_242661	a_236114
t_242661	a_179310
t_242661	a_137776
t_242661	a_53220
t_242661	v_264219
t_242662	a_273650
t_242662	a_17287
t_242662	v_264219
t_242663	a_126754
t_242663	a_155424
t_242663	v_264219
t_242664	a_273651
t_242664	a_35185
t_242664	a_49969
t_242664	v_264219
t_242665	a_523
t_242665	v_264219
t_242666	a_18946
t_242666	a_273652
t_242666	a_6205
t_242666	v_264219
t_242667	a_222936
t_242667	a_254078
t_242667	a_188807
t_242667	v_264219
t_242668	a_189891
t_242668	a_273653
t_242668	a_128898
t_242668	v_264219
t_242669	a_11758
t_242669	a_88732
t_242669	a_72292
t_242669	a_229196
t_242669	v_264219
t_242670	a_90310
t_242670	a_273654
t_242670	a_273655
t_242670	a_273656
t_242670	a_273657
t_242670	v_264219
t_242671	a_1630
t_242671	a_17287
t_242671	a_273658
t_242671	a_54937
t_242671	v_264219
t_242672	a_197476
t_242672	a_273659
t_242672	v_264219
t_242673	a_273643
t_242673	a_49969
t_242673	a_141820
t_242673	a_58144
t_242673	v_264219
t_242674	a_90081
t_242674	a_228819
t_242674	a_198132
t_242674	v_264219
t_242675	a_90081
t_242675	a_965
t_242675	v_264219
t_242676	a_76832
t_242676	a_273660
t_242676	a_273661
t_242676	v_264219
t_242677	a_273662
t_242677	v_264219
t_242678	a_216010
t_242678	v_264219
t_242679	a_273663
t_242679	a_273664
t_242679	v_264219
t_242680	a_1630
t_242680	a_254070
t_242680	v_264219
t_242681	a_175785
t_242681	a_203231
t_242681	a_76063
t_242681	v_264219
t_242682	a_245494
t_242682	a_273665
t_242682	a_110385
t_242682	a_219693
t_242682	v_264219
t_260018	a_54294
t_260018	a_1241
t_260018	a_292428
t_260018	v_264219
t_263013	a_57403
t_263013	a_17265
t_263013	v_264219
t_263034	a_205
t_263034	v_264219
t_122774	a_1630
t_122774	a_1315
t_122774	a_106646
t_122774	v_264219
t_123460	a_99067
t_123460	a_99068
t_123460	v_264219
t_263035	a_102170
t_263035	a_105516
t_263035	v_264219
t_263036	a_61382
t_263036	v_264219
t_263037	a_90081
t_263037	a_965
t_263037	v_264219
t_263038	a_5873
t_263038	a_295923
t_263038	a_84
t_263038	v_264219
t_263040	a_115540
t_263040	a_115541
t_263040	v_264219
t_263042	a_89843
t_263042	a_49713
t_263042	a_5137
t_263042	v_264219
t_263043	a_17268
t_263043	a_179857
t_263043	a_295926
t_263043	a_179882
t_263043	v_264219
t_263045	a_2667
t_263045	v_264219
t_263046	a_105525
t_263046	v_264219
t_263048	a_295929
t_263048	v_264219
t_263052	a_295933
t_263052	v_264219
t_263053	a_2236
t_263053	v_264219
t_263054	a_76829
t_263054	a_17284
t_263054	v_264219
t_263057	a_118769
t_263057	v_264219
t_263059	a_210827
t_263059	v_264219
t_263064	a_527
t_263064	v_264219
t_263066	a_2082
t_263066	a_5227
t_263066	v_264219
t_263068	a_1630
t_263068	a_118770
t_263068	a_17287
t_263068	v_264219
t_263069	a_3109
t_263069	v_264219
t_263071	a_161511
t_263071	a_115541
t_263071	v_264219
t_263072	a_197571
t_263072	a_17773
t_263072	v_264219
t_263073	a_110176
t_263073	a_76198
t_263073	v_264219
t_263074	a_141301
t_263074	v_264219
t_263075	a_2496
t_263075	a_774
t_263075	a_76836
t_263075	v_264219
t_200831	a_106196
t_200831	a_197172
t_200831	a_19035
t_200831	a_19031
t_200831	v_264219
t_263077	a_150275
t_263077	a_19066
t_263077	a_84
t_263077	v_264219
t_263078	a_295939
t_263078	a_100061
t_263078	v_264219
t_263079	a_197543
t_263079	a_2317
t_263079	v_264219
t_263080	a_160646
t_263080	a_925
t_263080	v_264219
t_263081	a_77281
t_263081	v_264219
t_186221	a_216030
t_186221	a_295940
t_186221	a_46237
t_186221	v_264219
t_263082	a_110394
t_263082	a_3751
t_263082	v_264219
t_263084	a_4289
t_263084	a_6080
t_263084	a_58469
t_263084	v_264219
t_267837	a_7762
t_267837	a_17266
t_267837	v_264219
t_267838	a_1630
t_267838	v_264219
t_267839	a_7996
t_267839	a_125573
t_267839	a_128132
t_267839	a_115285
t_267839	v_264219
t_267840	a_36574
t_267840	a_246156
t_267840	a_246157
t_267840	v_264219
t_267841	a_300565
t_267841	a_185316
t_267841	a_276004
t_267841	v_264219
t_267842	a_227670
t_267842	a_286450
t_267842	a_227671
t_267842	v_264219
t_267843	a_18946
t_267843	a_300566
t_267843	a_6205
t_267843	v_264219
t_267844	a_300567
t_267844	a_300568
t_267844	a_206864
t_267844	v_264219
t_267845	a_300569
t_267845	a_106646
t_267845	v_264219
t_267846	a_300570
t_267846	a_114742
t_267846	v_264219
t_267847	a_48671
t_267847	v_264219
t_267848	a_126754
t_267848	a_155424
t_267848	v_264219
t_267849	a_171994
t_267849	a_300571
t_267849	a_69251
t_267849	a_177532
t_267849	v_264219
t_267850	a_300572
t_267850	a_274408
t_267850	a_19031
t_267850	v_264219
t_267851	a_296639
t_267851	a_2270
t_267851	a_178704
t_267851	v_264219
t_267852	a_72327
t_267852	v_264219
t_267853	a_300573
t_267853	a_101379
t_267853	a_300574
t_267853	v_264219
t_267854	a_72302
t_267854	a_139357
t_267854	v_264219
t_267855	a_124286
t_267855	a_300575
t_267855	a_300576
t_267855	v_264219
t_267856	a_172995
t_267856	a_141477
t_267856	v_264219
t_267857	a_189891
t_267857	a_273653
t_267857	a_128898
t_267857	a_965
t_267857	v_264219
t_267858	a_273643
t_267858	a_212898
t_267858	v_264219
t_267859	a_300577
t_267859	a_188807
t_267859	v_264219
t_267860	a_300578
t_267860	a_101379
t_267860	a_17265
t_267860	v_264219
t_267861	a_300579
t_267861	a_229059
t_267861	v_264219
t_267862	a_45310
t_267862	a_133508
t_267862	a_106214
t_267862	v_264219
t_267863	a_300580
t_267863	a_185749
t_267863	a_209872
t_267863	v_264219
t_267864	a_141408
t_267864	a_254074
t_267864	a_106214
t_267864	v_264219
t_267865	a_191675
t_267865	a_300581
t_267865	a_300582
t_267865	a_124290
t_267865	v_264219
t_267866	a_100071
t_267866	v_264219
t_267867	a_300583
t_267867	a_198670
t_267867	v_264219
t_267868	a_300584
t_267868	a_209917
t_267868	a_124290
t_267868	v_264219
t_267869	a_300585
t_267869	a_300586
t_267869	a_237523
t_267869	a_300587
t_267869	v_264219
t_267870	a_300588
t_267870	v_264219
t_267871	a_258620
t_267871	a_300589
t_267871	a_1386
t_267871	v_264219
t_267872	a_300590
t_267872	a_4469
t_267872	v_264219
t_267944	a_926
t_267944	a_10132
t_267944	v_264219
t_269334	a_302120
t_269334	a_262769
t_269334	v_264219
t_187453	a_197533
t_187453	a_19614
t_187453	v_264219
t_269337	a_110394
t_269337	a_125594
t_269337	v_264219
t_269339	a_77268
t_269339	a_77280
t_269339	v_264219
t_269341	a_217313
t_269341	a_15661
t_269341	v_264219
t_269343	a_302123
t_269343	a_17287
t_269343	v_264219
t_269344	a_96008
t_269344	v_264219
t_269345	a_40319
t_269345	a_4053
t_269345	a_205001
t_269345	a_51878
t_269345	v_264219
t_269346	a_177255
t_269346	a_115319
t_269346	a_137993
t_269346	v_264219
t_269347	a_208375
t_269347	a_190834
t_269347	v_264219
t_269348	a_140810
t_269348	v_264219
t_271335	a_178603
t_271335	v_264219
t_271336	a_89841
t_271336	v_264219
t_271337	a_99349
t_271337	a_3315
t_271337	a_5227
t_271337	v_264219
t_271338	a_74395
t_271338	a_49969
t_271338	v_264219
t_99276	a_511
t_99276	a_77280
t_99276	v_264219
t_271339	a_18955
t_271339	a_19031
t_271339	a_53220
t_271339	v_264219
t_271340	a_77281
t_271340	a_77282
t_271340	v_264219
t_271341	a_2831
t_271341	a_965
t_271341	v_264219
t_271342	a_304328
t_271342	v_264219
t_271343	a_106213
t_271343	a_101913
t_271343	a_49648
t_271343	v_264219
t_271344	a_19070
t_271344	a_126607
t_271344	v_264219
t_271345	a_58452
t_271345	a_6809
t_271345	v_264219
t_271346	a_105104
t_271346	a_17275
t_271346	v_264219
t_271347	a_10016
t_271347	v_264219
t_271348	a_37073
t_271348	v_264219
t_80362	a_304329
t_80362	v_264219
t_99980	a_26630
t_99980	a_136307
t_99980	v_264219
t_271349	a_123421
t_271349	v_264219
t_271350	a_2875
t_271350	v_264219
t_99270	a_10016
t_99270	a_19614
t_99270	v_264219
t_99271	a_49182
t_99271	a_5137
t_99271	v_264219
t_271351	a_155738
t_271351	a_76198
t_271351	v_264219
t_271352	a_19053
t_271352	a_304330
t_271352	a_128596
t_271352	v_264219
t_99273	a_90081
t_99273	a_1084
t_99273	v_264219
t_271353	a_1630
t_271353	a_17287
t_271353	v_264219
t_271354	a_8877
t_271354	a_49648
t_271354	v_264219
t_271355	a_58428
t_271355	a_1685
t_271355	v_264219
t_271356	a_77273
t_271356	a_77274
t_271356	a_77275
t_271356	v_264219
t_101955	a_49831
t_101955	a_30868
t_101955	v_264219
t_75077	a_99067
t_75077	a_99068
t_75077	v_264219
t_127879	a_4496
t_127879	v_264219
t_271357	a_18946
t_271357	a_4296
t_271357	a_159900
t_271357	v_264219
t_271358	a_18971
t_271358	v_264219
t_271359	a_56927
t_271359	a_4469
t_271359	v_264219
t_271360	a_43511
t_271360	a_105516
t_271360	v_264219
t_271361	a_690
t_271361	v_264219
t_285361	a_26567
t_285361	v_264219
t_285362	a_1592
t_285362	a_76198
t_285362	v_264219
t_285363	a_123415
t_285363	v_264219
t_285364	a_10015
t_285364	v_264219
t_285365	a_317725
t_285365	a_88169
t_285365	v_264219
t_285367	a_58288
t_285367	a_317726
t_285367	v_264219
t_6615	a_690
t_6615	v_264219
t_285368	a_58143
t_285368	a_58144
t_285368	v_264219
t_285369	a_106604
t_285369	a_17264
t_285369	v_264219
t_285370	a_106156
t_285370	a_110436
t_285370	v_264219
t_6621	a_10016
t_6621	a_1084
t_6621	v_264219
t_285371	a_7972
t_285371	a_728
t_285371	v_264219
t_285372	a_317727
t_285372	a_4640
t_285372	a_317728
t_285372	v_264219
t_285373	a_64246
t_285373	a_317729
t_285373	a_134500
t_285373	v_264219
t_285374	a_312978
t_285374	a_46
t_285374	a_182665
t_285374	v_264219
t_6619	a_10014
t_6619	v_264219
t_285375	a_60138
t_285375	v_264219
t_285376	a_100009
t_285376	a_10013
t_285376	v_264219
t_6617	a_1375
t_6617	a_10009
t_6617	a_10010
t_6617	v_264219
t_285378	a_10015
t_285378	v_264219
t_285380	a_715
t_285380	a_58466
t_285380	v_264219
t_285382	a_45262
t_285382	v_264219
t_285389	a_1630
t_285389	a_17287
t_285389	v_264219
t_285390	a_4289
t_285390	v_264219
t_40879	a_17288
t_40879	a_4641
t_40879	a_56894
t_40879	v_264219
t_27481	a_11758
t_27481	a_728
t_27481	v_264219
t_285394	a_28535
t_285394	v_264219
t_285396	a_704
t_285396	a_10008
t_285396	v_264219
t_285398	a_317738
t_285398	a_15184
t_285398	v_264219
t_6618	a_630
t_6618	a_1315
t_6618	a_10013
t_6618	v_264219
t_293274	a_7762
t_293274	a_2967
t_293274	v_264219
t_293276	a_212940
t_293276	a_72292
t_293276	a_170162
t_293276	a_216014
t_293276	a_326686
t_293276	a_2896
t_293276	v_264219
t_293277	a_300577
t_293277	a_188807
t_293277	a_17287
t_293277	v_264219
t_293278	a_326687
t_293278	a_326688
t_293278	v_264219
t_293279	a_283138
t_293279	a_17287
t_293279	v_264219
t_293280	a_124286
t_293280	a_300576
t_293280	v_264219
t_293302	a_189891
t_293302	a_965
t_293302	a_326709
t_293302	a_128898
t_293302	v_264219
t_293303	a_326710
t_293303	a_254078
t_293303	a_300775
t_293303	v_264219
t_293304	a_690
t_293304	v_264219
t_293305	a_172995
t_293305	a_17266
t_293305	a_72292
t_293305	v_264219
t_293306	a_326711
t_293306	v_264219
t_293307	a_126754
t_293307	a_326712
t_293307	a_155424
t_293307	a_274420
t_293307	v_264219
t_293308	a_326713
t_293308	v_264219
t_293309	a_326714
t_293309	a_288193
t_293309	v_264219
t_293310	a_273645
t_293310	a_326715
t_293310	a_5129
t_293310	a_34751
t_293310	v_264219
t_293311	a_273643
t_293311	a_212898
t_293311	v_264219
t_293312	a_326716
t_293312	a_243365
t_293312	v_264219
t_293313	a_114697
t_293313	a_106186
t_293313	a_326717
t_293313	a_326718
t_293313	v_264219
t_293314	a_90310
t_293314	a_273654
t_293314	a_273655
t_293314	v_264219
t_293315	a_326719
t_293315	a_58144
t_293315	v_264219
t_293316	a_148413
t_293316	v_264219
t_293317	a_200069
t_293317	a_185316
t_293317	a_106214
t_293317	v_264219
t_293318	a_40487
t_293318	a_326720
t_293318	v_264219
t_293319	a_326721
t_293319	a_326722
t_293319	a_257533
t_293319	a_185316
t_293319	v_264219
t_293320	a_29977
t_293320	a_326723
t_293320	v_264219
t_293321	a_326724
t_293321	a_326725
t_293321	a_161733
t_293321	a_326726
t_293321	v_264219
t_293322	a_326727
t_293322	a_237412
t_293322	v_264219
t_293323	a_94813
t_293323	v_264219
t_293324	a_258626
t_293324	a_288256
t_293324	a_75307
t_293324	a_274430
t_293324	v_264219
t_294037	a_327473
t_294037	a_327474
t_294037	v_264219
t_299262	a_333018
t_299262	a_105516
t_299262	a_206888
t_299262	a_326722
t_299262	v_264219
t_313854	a_18946
t_313854	a_273652
t_313854	a_6205
t_313854	v_264219
t_242670	a_90310
t_242670	a_273654
t_242670	a_273655
t_242670	a_348012
t_242670	a_1386
t_242670	v_264219
t_242669	a_11758
t_242669	a_72292
t_242669	a_88732
t_242669	a_229196
t_242669	v_264219
t_242671	a_1630
t_242671	a_17287
t_242671	a_273658
t_242671	a_54937
t_242671	v_264219
t_242662	a_273650
t_242662	a_17287
t_242662	v_264219
t_242675	a_90081
t_242675	a_965
t_242675	v_264219
t_326267	a_7762
t_326267	v_264219
t_326269	a_224345
t_326269	a_360406
t_326269	v_264219
t_326270	a_233040
t_326270	a_188807
t_326270	v_264219
t_326271	a_300578
t_326271	a_17265
t_326271	v_264219
t_326273	a_11758
t_326273	a_728
t_326273	v_264219
t_326274	a_360407
t_326274	a_360408
t_326274	a_360409
t_326274	a_147517
t_326274	v_264219
t_326276	a_360412
t_326276	a_5227
t_326276	a_360413
t_326276	a_265996
t_326276	v_264219
t_326277	a_221392
t_326277	v_264219
t_326279	a_146425
t_326279	v_264219
t_326280	a_2782
t_326280	a_360417
t_326280	a_72307
t_326280	v_264219
t_326281	a_326687
t_326281	a_155424
t_326281	v_264219
t_326282	a_360418
t_326282	v_264219
t_326283	a_7996
t_326283	a_125594
t_326283	a_360419
t_326283	a_188807
t_326283	a_17287
t_326283	v_264219
t_326284	a_1630
t_326284	a_274420
t_326284	a_17287
t_326284	v_264219
t_326288	a_115015
t_326288	a_281615
t_326288	v_264219
t_326289	a_207947
t_326289	a_336893
t_326289	v_264219
t_326290	a_126754
t_326290	a_155424
t_326290	a_212898
t_326290	a_274420
t_326290	v_264219
t_326291	a_36574
t_326291	a_246156
t_326291	a_246157
t_326291	v_264219
t_326292	a_64200
t_326292	a_303910
t_326292	a_360421
t_326292	a_105516
t_326292	v_264219
t_326295	a_300573
t_326295	a_101379
t_326295	a_17265
t_326295	v_264219
t_326298	a_360424
t_326298	a_253878
t_326298	a_185316
t_326298	a_360425
t_326298	v_264219
t_326300	a_360427
t_326300	a_360428
t_326300	a_360429
t_326300	a_185749
t_326300	a_18958
t_326300	v_264219
t_326301	a_72020
t_326301	v_264219
t_326302	a_360430
t_326302	a_337741
t_326302	v_264219
t_326303	a_360431
t_326303	a_313760
t_326303	v_264219
t_326307	a_304177
t_326307	v_264219
t_326309	a_223802
t_326309	a_326722
t_326309	a_106214
t_326309	a_185316
t_326309	v_264219
t_326311	a_300584
t_326311	v_264219
t_332440	a_273644
t_332440	v_264219
t_366063	a_387279
t_366063	a_387280
t_366063	a_387281
t_366063	a_75307
t_366063	a_4510
t_366063	v_264219
t_366064	a_36574
t_366064	a_51656
t_366064	v_264219
t_366065	a_225273
t_366065	a_387282
t_366065	v_264219
t_366066	a_49653
t_366066	a_188028
t_366066	a_368401
t_366066	v_264219
t_366067	a_273650
t_366067	a_17287
t_366067	v_264219
t_366068	a_387283
t_366068	a_188807
t_366068	v_264219
t_366069	a_273643
t_366069	v_264219
t_366070	a_300567
t_366070	a_155424
t_366070	v_264219
t_366071	a_326711
t_366071	a_376482
t_366071	a_141820
t_366071	v_264219
t_366072	a_2236
t_366072	v_264219
t_366073	a_374840
t_366073	a_209872
t_366073	a_185749
t_366073	v_264219
t_366074	a_387284
t_366074	a_174684
t_366074	v_264219
t_366075	a_326719
t_366075	a_58144
t_366075	v_264219
t_366076	a_18946
t_366076	a_298231
t_366076	a_336893
t_366076	v_264219
t_366077	a_387285
t_366077	v_264219
t_366078	a_313753
t_366078	a_3751
t_366078	v_264219
t_366079	a_269554
t_366079	a_326722
t_366079	a_106214
t_366079	v_264219
t_366080	a_387286
t_366080	a_77280
t_366080	a_387287
t_366080	v_264219
t_366081	a_132439
t_366081	a_387288
t_366081	v_264219
t_366082	a_3887
t_366082	a_300785
t_366082	a_387289
t_366082	v_264219
t_366083	a_366523
t_366083	a_387290
t_366083	a_387280
t_366083	a_387291
t_366083	a_4510
t_366083	v_264219
t_366084	a_103059
t_366084	v_264219
t_366085	a_189891
t_366085	a_273653
t_366085	a_128898
t_366085	a_965
t_366085	v_264219
t_366086	a_300567
t_366086	a_273652
t_366086	a_155424
t_366086	v_264219
t_366087	a_115298
t_366087	a_220996
t_366087	a_125594
t_366087	v_264219
t_366088	a_387292
t_366088	a_387293
t_366088	a_91293
t_366088	a_387294
t_366088	v_264219
t_366089	a_296639
t_366089	a_212891
t_366089	a_274408
t_366089	v_264219
t_400050	a_424019
t_400050	a_5660
t_400050	v_264219
t_400051	a_33501
t_400051	a_33503
t_400051	v_264219
t_400052	a_126608
t_400052	a_424020
t_400052	v_264219
t_400053	a_67495
t_400053	a_424021
t_400053	a_424022
t_400053	v_264219
t_400054	a_630
t_400054	a_1315
t_400054	v_264219
t_400055	a_10880
t_400055	a_4469
t_400055	a_1202
t_400055	v_264219
t_400056	a_311481
t_400056	a_53220
t_400056	v_264219
t_400057	a_3444
t_400057	a_424023
t_400057	v_264219
t_400058	a_3104
t_400058	a_4295
t_400058	a_4296
t_400058	v_264219
t_400059	a_2875
t_400059	v_264219
t_400060	a_424024
t_400060	v_264219
t_400061	a_89841
t_400061	a_965
t_400061	v_264219
t_11096	a_511
t_11096	v_264219
t_400062	a_64246
t_400062	a_424025
t_400062	a_435
t_400062	v_264219
t_26443	a_1630
t_26443	a_5131
t_26443	v_264219
t_400063	a_15183
t_400063	a_424026
t_400063	v_264219
t_400064	a_4289
t_400064	a_6080
t_400064	v_264219
t_400065	a_424027
t_400065	a_19056
t_400065	a_49188
t_400065	v_264219
t_400066	a_123421
t_400066	v_264219
t_400067	a_59601
t_400067	v_264219
t_400068	a_77295
t_400068	a_80404
t_400068	v_264219
t_400069	a_1630
t_400069	a_9340
t_400069	v_264219
t_400070	a_999
t_400070	a_46
t_400070	v_264219
t_18246	a_23013
t_18246	v_264219
t_400071	a_7762
t_400071	v_264219
t_400072	a_89841
t_400072	a_777
t_400072	a_965
t_400072	v_264219
t_400073	a_197022
t_400073	a_424028
t_400073	a_424029
t_400073	a_424030
t_400073	a_319158
t_400073	a_319160
t_400073	v_264219
t_400074	a_424031
t_400074	v_264219
t_400075	a_45316
t_400075	a_45318
t_400075	v_264219
t_400076	a_19070
t_400076	a_10013
t_400076	v_264219
t_400077	a_315019
t_400077	a_49969
t_400077	v_264219
t_400078	a_3109
t_400078	v_264219
t_400079	a_3750
t_400079	a_965
t_400079	v_264219
t_400080	a_3052
t_400080	a_424032
t_400080	v_264219
t_400081	a_3750
t_400081	a_152819
t_400081	a_424033
t_400081	v_264219
t_400082	a_2667
t_400082	a_3870
t_400082	a_314035
t_400082	v_264219
t_400083	a_424034
t_400083	a_232992
t_400083	v_264219
t_400084	a_2782
t_400084	a_1584
t_400084	v_264219
t_188928	a_6062
t_188928	a_5134
t_188928	a_73958
t_188928	v_264219
t_400085	a_1592
t_400085	a_4641
t_400085	a_7057
t_400085	a_19056
t_400085	a_108237
t_400085	a_424035
t_400085	v_264219
t_189215	a_3052
t_189215	v_264219
t_9955	a_5130
t_9955	a_34941
t_9955	v_264219
t_400086	a_100417
t_400086	a_424036
t_400086	v_264219
t_400087	a_51479
t_400087	v_264219
t_400088	a_23
t_400088	v_264219
t_400089	a_34449
t_400089	a_34450
t_400089	v_264219
t_400090	a_59601
t_400090	v_264219
t_400091	a_424037
t_400091	a_1761
t_400091	v_264219
t_400092	a_26567
t_400092	v_264219
t_400093	a_37980
t_400093	v_264219
t_400094	a_8878
t_400094	v_264219
t_400095	a_424038
t_400095	v_264219
t_386	a_630
t_386	v_264219
t_400096	a_5873
t_400096	v_264219
t_400097	a_49179
t_400097	v_264219
t_400098	a_7056
t_400098	a_54123
t_400098	v_264219
t_400099	a_773
t_400099	a_49648
t_400099	a_424039
t_400099	a_2081
t_400099	v_264219
t_400100	a_1592
t_400100	a_2668
t_400100	a_1594
t_400100	v_264219
t_400101	a_424040
t_400101	a_424041
t_400101	v_264219
t_400102	a_49702
t_400102	v_264219
t_400103	a_424042
t_400103	a_375290
t_400103	a_2659
t_400103	v_264219
t_400104	a_1592
t_400104	a_1593
t_400104	a_1594
t_400104	v_264219
t_400105	a_536
t_400105	a_777
t_400105	a_965
t_400105	v_264219
t_27496	a_26630
t_27496	a_3751
t_27496	v_264219
t_400106	a_2082
t_400106	v_264219
t_400107	a_19070
t_400107	a_1083
t_400107	a_46
t_400107	v_264219
t_400108	a_33541
t_400108	a_232221
t_400108	a_291602
t_400108	v_264219
t_400109	a_630
t_400109	a_1084
t_400109	v_264219
t_3379	a_5126
t_3379	a_5131
t_3379	v_264219
t_400110	a_33491
t_400110	a_86747
t_400110	v_264219
t_400111	a_2782
t_400111	a_777
t_400111	a_965
t_400111	v_264219
t_400112	a_3750
t_400112	v_264219
t_400113	a_51479
t_400113	v_264219
t_400114	a_1630
t_400114	v_264219
t_400115	a_7762
t_400115	v_264219
t_400116	a_123421
t_400116	v_264219
t_400117	a_2831
t_400117	a_424043
t_400117	v_264219
t_400118	a_715
t_400118	a_156725
t_400118	a_46
t_400118	v_264219
t_400119	a_2831
t_400119	v_264219
t_400120	a_314444
t_400120	v_264219
t_400121	a_19087
t_400121	v_264219
t_400122	a_536
t_400122	a_777
t_400122	v_264219
t_400123	a_424044
t_400123	a_33494
t_400123	v_264219
t_400124	a_424044
t_400124	a_33494
t_400124	v_264219
t_400125	a_964
t_400125	a_35383
t_400125	v_264219
t_400126	a_49179
t_400126	v_264219
t_400127	a_6062
t_400127	a_424045
t_400127	v_264219
t_400128	a_11758
t_400128	a_1315
t_400128	v_264219
t_400129	a_1160
t_400129	v_264219
t_400130	a_49702
t_400130	v_264219
t_400131	a_2496
t_400131	a_1084
t_400131	v_264219
t_400132	a_1201
t_400132	a_1754
t_400132	v_264219
t_400133	a_8878
t_400133	a_1388
t_400133	a_3064
t_400133	v_264219
t_400134	a_346499
t_400134	a_45301
t_400134	v_264219
t_400135	a_226
t_400135	a_424046
t_400135	a_424047
t_400135	v_264219
t_400136	a_424048
t_400136	a_17265
t_400136	v_264219
t_400137	a_178603
t_400137	a_61486
t_400137	v_264219
t_400138	a_83815
t_400138	a_424049
t_400138	v_264219
t_400139	a_19070
t_400139	a_417434
t_400139	a_46
t_400139	v_264219
t_400140	a_64246
t_400140	a_5660
t_400140	a_1084
t_400140	v_264219
t_2440	a_3750
t_2440	a_3751
t_2440	v_264219
t_400141	a_64246
t_400141	v_264219
t_400142	a_3750
t_400142	a_728
t_400142	v_264219
t_400143	a_511
t_400143	a_512
t_400143	v_264219
t_400144	a_304349
t_400144	v_264219
t_400145	a_39188
t_400145	a_375288
t_400145	v_264219
t_400146	a_690
t_400146	v_264219
t_400147	a_536
t_400147	v_264219
t_400148	a_133513
t_400148	a_424050
t_400148	v_264219
t_400149	a_37980
t_400149	a_424051
t_400149	v_264219
t_400150	a_147501
t_400150	a_157244
t_400150	a_11341
t_400150	v_264219
t_279565	a_941
t_279565	a_26629
t_279565	v_264219
t_400151	a_1462
t_400151	a_1463
t_400151	a_1464
t_400151	v_264219
t_400152	a_424052
t_400152	a_19056
t_400152	v_264219
t_557284	a_511
t_557284	a_546551
t_557284	a_292092
t_557284	a_77280
t_557284	v_264219
t_557285	a_300567
t_557285	a_155424
t_557285	v_264219
t_557286	a_123803
t_557286	a_546552
t_557286	a_546553
t_557286	v_264219
t_557287	a_1990
t_557287	v_264219
t_557288	a_387285
t_557288	a_300785
t_557288	v_264219
t_557289	a_326719
t_557289	v_264219
t_557290	a_189891
t_557290	a_273653
t_557290	a_128898
t_557290	a_965
t_557290	v_264219
t_557291	a_546554
t_557291	a_188807
t_557291	a_354745
t_557291	v_264219
t_557292	a_300578
t_557292	a_17265
t_557292	v_264219
t_557293	a_2782
t_557293	a_189879
t_557293	a_358730
t_557293	v_264219
t_557294	a_471638
t_557294	v_264219
t_557295	a_126608
t_557295	a_464241
t_557295	v_264219
t_557296	a_115015
t_557296	a_546555
t_557296	v_264219
t_557297	a_368722
t_557297	a_18958
t_557297	a_455226
t_557297	a_1202
t_557297	v_264219
t_557298	a_326858
t_557298	a_290864
t_557298	v_264219
t_557299	a_53152
t_557299	a_212898
t_557299	a_227679
t_557299	v_264219
t_557300	a_273650
t_557300	v_264219
t_557301	a_36574
t_557301	a_51656
t_557301	a_453855
t_557301	v_264219
t_557302	a_546556
t_557302	v_264219
t_557303	a_298239
t_557303	a_308272
t_557303	v_264219
t_557304	a_546418
t_557304	a_274408
t_557304	a_253877
t_557304	v_264219
t_557305	a_115298
t_557305	a_273230
t_557305	v_264219
t_557306	a_546557
t_557306	a_387281
t_557306	a_75307
t_557306	a_546558
t_557306	v_264219
t_557307	a_546559
t_557307	a_44386
t_557307	a_33223
t_557307	v_264219
t_557308	a_273644
t_557308	a_374217
t_557308	v_264219
t_557309	a_483002
t_557309	a_546560
t_557309	a_370481
t_557309	v_264219
t_557310	a_546561
t_557310	a_274408
t_557310	a_546562
t_557310	a_546563
t_557310	v_264219
t_557311	a_546564
t_557311	a_546565
t_557311	a_307420
t_557311	v_264219
t_557312	a_329628
t_557312	a_185316
t_557312	v_264219
t_764550	a_36574
t_764550	a_51656
t_764550	a_744997
t_764550	a_744998
t_764550	a_471630
t_764550	v_264219
t_764551	a_266066
t_764551	v_264219
t_764552	a_464345
t_764552	a_360419
t_764552	v_264219
t_764553	a_1630
t_764553	a_478015
t_764553	a_125594
t_764553	v_264219
t_764554	a_242641
t_764554	v_264219
t_764555	a_2782
t_764555	a_191162
t_764555	a_373308
t_764555	a_216014
t_764555	a_373305
t_764555	v_264219
t_764556	a_744999
t_764556	v_264219
t_764557	a_300782
t_764557	a_745000
t_764557	a_17287
t_764557	v_264219
t_764558	a_2782
t_764558	a_189879
t_764558	a_336893
t_764558	a_358730
t_764558	v_264219
t_764559	a_72642
t_764559	a_745001
t_764559	a_3751
t_764559	v_264219
t_764560	a_126754
t_764560	a_141820
t_764560	a_745002
t_764560	a_274955
t_764560	v_264219
t_764561	a_599798
t_764561	a_745003
t_764561	a_215561
t_764561	v_264219
t_764562	a_745004
t_764562	a_682442
t_764562	a_745005
t_764562	v_264219
t_764563	a_745006
t_764563	a_676905
t_764563	v_264219
t_764564	a_420281
t_764564	v_264219
t_764565	a_90310
t_764565	a_388584
t_764565	v_264219
t_764566	a_326858
t_764566	a_290864
t_764566	v_264219
t_764567	a_364921
t_764567	a_353575
t_764567	a_207672
t_764567	v_264219
t_764568	a_36574
t_764568	a_51656
t_764568	a_209393
t_764568	v_264219
t_764569	a_407567
t_764569	a_19031
t_764569	a_303910
t_764569	v_264219
t_764570	a_745007
t_764570	a_602192
t_764570	a_246156
t_764570	v_264219
t_764571	a_474036
t_764571	v_264219
t_764572	a_179670
t_764572	a_745008
t_764572	v_264219
t_764573	a_300567
t_764573	a_745009
t_764573	a_5660
t_764573	a_155424
t_764573	v_264219
t_764574	a_189891
t_764574	a_273653
t_764574	a_128898
t_764574	a_370481
t_764574	v_264219
t_764575	a_57038
t_764575	a_99831
t_764575	v_264219
t_764576	a_745010
t_764576	a_4510
t_764576	v_264219
t_764577	a_587592
t_764577	a_298231
t_764577	v_264219
t_764578	a_366523
t_764578	a_275960
t_764578	v_264219
t_764579	a_173367
t_764579	v_264219
t_764580	a_346313
t_764580	a_291531
t_764580	v_264219
t_764581	a_451872
t_764581	a_745011
t_764581	a_189879
t_764581	v_264219
t_764582	a_407557
t_764582	a_576747
t_764582	v_264219
t_771820	a_121673
t_771820	a_300711
t_771820	a_749723
t_771820	a_408264
t_771820	a_751438
t_771820	a_751439
t_771820	a_751440
t_771820	v_264219
t_771821	a_300567
t_771821	a_155424
t_771821	v_264219
t_771822	a_126754
t_771822	a_273652
t_771822	a_533703
t_771822	v_264219
t_771823	a_748100
t_771823	v_264219
t_771824	a_273650
t_771824	a_17287
t_771824	v_264219
t_771825	a_90081
t_771825	v_264219
t_771826	a_715381
t_771826	a_141820
t_771826	v_264219
t_771827	a_459824
t_771827	v_264219
t_771828	a_300573
t_771828	a_17265
t_771828	v_264219
t_771829	a_76698
t_771829	a_367344
t_771829	v_264219
t_771830	a_751441
t_771830	a_188468
t_771830	a_308272
t_771830	v_264219
t_771831	a_101656
t_771831	a_7118
t_771831	a_364954
t_771831	a_308272
t_771831	v_264219
t_771832	a_218527
t_771832	a_713903
t_771832	a_240196
t_771832	v_264219
t_771833	a_36574
t_771833	v_264219
t_771834	a_370321
t_771834	a_189879
t_771834	a_360535
t_771834	a_336893
t_771834	v_264219
t_771835	a_346313
t_771835	a_1584
t_771835	a_440313
t_771835	v_264219
t_771836	a_2782
t_771836	a_547508
t_771836	a_191162
t_771836	a_547526
t_771836	a_216014
t_771836	a_141477
t_771836	v_264219
t_771837	a_751442
t_771837	a_229196
t_771837	a_53178
t_771837	a_460633
t_771837	v_264219
t_771838	a_89843
t_771838	v_264219
t_771839	a_364921
t_771839	a_353575
t_771839	a_207672
t_771839	v_264219
t_771840	a_407562
t_771840	v_264219
t_771841	a_221392
t_771841	a_494219
t_771841	v_264219
t_771842	a_745010
t_771842	a_330007
t_771842	a_4510
t_771842	v_264219
t_771843	a_110372
t_771843	a_360493
t_771843	a_290864
t_771843	a_141392
t_771843	v_264219
t_771844	a_329628
t_771844	a_185316
t_771844	v_264219
t_771845	a_631209
t_771845	a_751443
t_771845	a_751444
t_771845	a_123578
t_771845	v_264219
t_771846	a_1630
t_771846	a_125594
t_771846	a_478015
t_771846	v_264219
t_771847	a_300782
t_771847	a_751445
t_771847	a_227753
t_771847	v_264219
t_771848	a_300768
t_771848	v_264219
t_771849	a_7996
t_771849	a_370380
t_771849	a_123604
t_771849	a_140993
t_771849	v_264219
t_771850	a_344069
t_771850	a_106284
t_771850	a_10132
t_771850	v_264219
t_771851	a_57038
t_771851	a_751446
t_771851	a_99831
t_771851	a_455715
t_771851	v_264219
t_771852	a_751447
t_771852	a_49969
t_771852	v_264219
t_771853	a_1630
t_771853	a_751448
t_771853	a_593144
t_771853	a_125594
t_771853	v_264219
t_771854	a_751449
t_771854	a_307363
t_771854	a_163314
t_771854	a_751450
t_771854	a_676085
t_771854	v_264219
t_834872	a_784494
t_834872	a_100035
t_834872	a_17264
t_834872	v_264219
t_834873	a_546822
t_834873	a_817272
t_834873	a_227679
t_834873	a_212898
t_834873	a_274420
t_834873	v_264219
t_834874	a_209041
t_834874	a_676904
t_834874	v_264219
t_834875	a_90081
t_834875	a_817273
t_834875	a_336893
t_834875	v_264219
t_834876	a_36574
t_834876	a_149485
t_834876	v_264219
t_834877	a_2782
t_834877	v_264219
t_834878	a_123409
t_834878	v_264219
t_834879	a_300573
t_834879	v_264219
t_834880	a_364951
t_834880	a_189879
t_834880	a_373305
t_834880	v_264219
t_834881	a_300782
t_834881	a_745000
t_834881	a_17287
t_834881	a_752235
t_834881	v_264219
t_834882	a_420281
t_834882	a_817274
t_834882	a_478164
t_834882	a_6080
t_834882	v_264219
t_834883	a_156
t_834883	v_264219
t_834884	a_817275
t_834884	a_155424
t_834884	v_264219
t_834885	a_36574
t_834885	a_453855
t_834885	a_598171
t_834885	v_264219
t_834886	a_74918
t_834886	a_242973
t_834886	v_264219
t_834887	a_266644
t_834887	a_74391
t_834887	v_264219
t_834888	a_548966
t_834888	a_124761
t_834888	a_817276
t_834888	a_128571
t_834888	a_258629
t_834888	a_698964
t_834888	a_309616
t_834888	v_264219
t_834889	a_807020
t_834889	a_274408
t_834889	v_264219
t_834890	a_817277
t_834890	a_17265
t_834890	v_264219
t_834891	a_498630
t_834891	a_5129
t_834891	a_101935
t_834891	v_264219
t_834892	a_58244
t_834892	a_617999
t_834892	a_40495
t_834892	a_817278
t_834892	v_264219
t_834893	a_298272
t_834893	a_274924
t_834893	a_330007
t_834893	v_264219
t_834894	a_459824
t_834894	v_264219
t_834895	a_755822
t_834895	a_373994
t_834895	v_264219
t_834896	a_209041
t_834896	a_289544
t_834896	a_152380
t_834896	v_264219
t_834897	a_221392
t_834897	a_817279
t_834897	a_494219
t_834897	v_264219
t_834898	a_817280
t_834898	a_817281
t_834898	a_240049
t_834898	a_141445
t_834898	a_351891
t_834898	v_264219
t_834899	a_329628
t_834899	a_257533
t_834899	a_185316
t_834899	a_106214
t_834899	v_264219
t_834900	a_269554
t_834900	a_698984
t_834900	v_264219
t_834901	a_110372
t_834901	a_817282
t_834901	v_264219
t_834902	a_789814
t_834902	a_114304
t_834902	v_264219
t_834903	a_750969
t_834903	a_224052
t_834903	a_409602
t_834903	a_678220
t_834903	v_264219
t_834904	a_817283
t_834904	a_697028
t_834904	a_817284
t_834904	a_141392
t_834904	a_518131
t_834904	v_264219
t_834905	a_4289
t_834905	a_6080
t_834905	a_49969
t_834905	a_817285
t_834905	v_264219
t_834906	a_504028
t_834906	v_264219
t_834907	a_817286
t_834907	a_185620
t_834907	a_817287
t_834907	v_264219
t_834908	a_276022
t_834908	a_191162
t_834908	a_216014
t_834908	v_264219
t_834909	a_471619
t_834909	a_505926
t_834909	v_264219
t_834910	a_293136
t_834910	v_264219
t_931386	a_713846
t_931386	a_188807
t_931386	v_264219
t_931387	a_36574
t_931387	a_828482
t_931387	a_212898
t_931387	v_264219
t_931388	a_266066
t_931388	v_264219
t_931389	a_464348
t_931389	a_898434
t_931389	a_188361
t_931389	v_264219
t_931390	a_523113
t_931390	v_264219
t_931391	a_434938
t_931391	a_364891
t_931391	a_754264
t_931391	a_916433
t_931391	a_291406
t_931391	v_264219
t_931392	a_2279
t_931392	a_57380
t_931392	a_471221
t_931392	v_264219
t_931393	a_504028
t_931393	a_701321
t_931393	v_264219
t_931394	a_326687
t_931394	a_533703
t_931394	a_360419
t_931394	v_264219
t_931395	a_837184
t_931395	a_481771
t_931395	a_236100
t_931395	v_264219
t_931396	a_916434
t_931396	a_128693
t_931396	a_72292
t_931396	a_916435
t_931396	a_916436
t_931396	a_2896
t_931396	v_264219
t_931397	a_916437
t_931397	a_494219
t_931397	v_264219
t_931398	a_2782
t_931398	a_189879
t_931398	a_358730
t_931398	a_336893
t_931398	v_264219
t_931399	a_205038
t_931399	a_546560
t_931399	a_128898
t_931399	a_370481
t_931399	v_264219
t_931400	a_123406
t_931400	a_49969
t_931400	a_856321
t_931400	v_264219
t_931401	a_894132
t_931401	a_212898
t_931401	v_264219
t_931402	a_36574
t_931402	a_453855
t_931402	a_598171
t_931402	v_264219
t_931403	a_98932
t_931403	v_264219
t_931404	a_309123
t_931404	a_856321
t_931404	v_264219
t_931405	a_916438
t_931405	a_101901
t_931405	a_125594
t_931405	v_264219
t_931406	a_916439
t_931406	a_334176
t_931406	a_297829
t_931406	a_109815
t_931406	v_264219
t_931407	a_916440
t_931407	a_461418
t_931407	a_4510
t_931407	v_264219
t_931408	a_916441
t_931408	a_744558
t_931408	v_264219
t_931409	a_102222
t_931409	v_264219
t_931410	a_364951
t_931410	a_698984
t_931410	a_185316
t_931410	a_373305
t_931410	v_264219
t_931411	a_115298
t_931411	a_370380
t_931411	a_220996
t_931411	a_123604
t_931411	a_140993
t_931411	v_264219
t_931412	a_898342
t_931412	a_477031
t_931412	a_274408
t_931412	a_2842
t_931412	v_264219
t_931413	a_313682
t_931413	a_712707
t_931413	a_7118
t_931413	a_729969
t_931413	a_364954
t_931413	a_455721
t_931413	v_264219
t_931414	a_916442
t_931414	a_101901
t_931414	v_264219
t_931415	a_713846
t_931415	a_188807
t_931415	v_264219
t_931416	a_817277
t_931416	a_17265
t_931416	v_264219
t_1014524	a_18946
t_1014524	a_375079
t_1014524	a_336893
t_1014524	a_856321
t_1014524	v_264219
t_1014525	a_300567
t_1014525	a_934678
t_1014525	a_1006463
t_1014525	v_264219
t_1014526	a_916442
t_1014526	a_2967
t_1014526	v_264219
t_1014527	a_2782
t_1014527	a_189879
t_1014527	a_149485
t_1014527	a_358730
t_1014527	v_264219
t_1014528	a_817398
t_1014528	a_765584
t_1014528	v_264219
t_1014529	a_1006464
t_1014529	v_264219
t_1014530	a_1006465
t_1014530	a_430617
t_1014530	a_258629
t_1014530	v_264219
t_1014531	a_143242
t_1014531	a_247222
t_1014531	a_439985
t_1014531	a_347825
t_1014531	v_264219
t_1014532	a_329628
t_1014532	a_257533
t_1014532	a_330016
t_1014532	v_264219
t_1014533	a_459824
t_1014533	v_264219
t_1014534	a_300573
t_1014534	a_780906
t_1014534	a_17265
t_1014534	v_264219
t_1014535	a_1006466
t_1014535	a_948968
t_1014535	a_188807
t_1014535	v_264219
t_1014536	a_3887
t_1014536	a_189879
t_1014536	v_264219
t_1014537	a_123409
t_1014537	a_796247
t_1014537	v_264219
t_1014538	a_300782
t_1014538	a_149485
t_1014538	a_1006467
t_1014538	v_264219
t_1014539	a_326687
t_1014539	v_264219
t_1014540	a_546418
t_1014540	a_5660
t_1014540	a_842869
t_1014540	v_264219
t_1014541	a_223802
t_1014541	a_174289
t_1014541	a_455767
t_1014541	a_370419
t_1014541	a_1386
t_1014541	v_264219
t_1014542	a_329628
t_1014542	a_698984
t_1014542	v_264219
t_1014543	a_529012
t_1014543	a_550291
t_1014543	a_191162
t_1014543	v_264219
t_1014544	a_276022
t_1014544	a_258629
t_1014544	v_264219
t_1014545	a_1630
t_1014545	a_274420
t_1014545	a_17287
t_1014545	v_264219
t_1014546	a_326687
t_1014546	a_533703
t_1014546	a_997317
t_1014546	a_360419
t_1014546	a_819811
t_1014546	v_264219
t_1014547	a_546822
t_1014547	a_842879
t_1014547	v_264219
t_1014548	a_504028
t_1014548	a_274420
t_1014548	v_264219
t_1014549	a_1006468
t_1014549	a_1006469
t_1014549	a_1006470
t_1014549	a_1006471
t_1014549	v_264219
t_1014550	a_734620
t_1014550	a_837165
t_1014550	a_188361
t_1014550	v_264219
t_1014551	a_1006472
t_1014551	a_519334
t_1014551	a_100036
t_1014551	v_264219
t_1014552	a_150343
t_1014552	a_743005
t_1014552	a_777135
t_1014552	a_694312
t_1014552	v_264219
t_1014553	a_817344
t_1014553	a_74446
t_1014553	a_232029
t_1014553	v_264219
t_1014554	a_926014
t_1014554	v_264219
t_1162907	a_713846
t_1162907	a_191162
t_1162907	a_881705
t_1162907	a_19031
t_1162907	a_141477
t_1162907	a_283136
t_1162907	a_1161410
t_1162907	a_713882
t_1162907	v_264219
t_1162908	a_1161411
t_1162908	v_264219
t_1162909	a_2782
t_1162909	a_189879
t_1162909	a_358730
t_1162909	a_336893
t_1162909	v_264219
t_1162910	a_1161412
t_1162910	a_155424
t_1162910	a_1161413
t_1162910	v_264219
t_1162911	a_964
t_1162911	a_189879
t_1162911	a_1084
t_1162911	v_264219
t_1162912	a_36574
t_1162912	a_896087
t_1162912	a_1161414
t_1162912	v_264219
t_1162913	a_1161415
t_1162913	v_264219
t_1162914	a_123409
t_1162914	v_264219
t_1162915	a_483002
t_1162915	a_2967
t_1162915	a_358461
t_1162915	v_264219
t_1162916	a_1630
t_1162916	a_1127571
t_1162916	a_953336
t_1162916	v_264219
t_1162917	a_326687
t_1162917	a_533703
t_1162917	v_264219
t_1162918	a_959115
t_1162918	a_682409
t_1162918	a_464349
t_1162918	a_188807
t_1162918	v_264219
t_1162919	a_923980
t_1162919	a_184774
t_1162919	a_117291
t_1162919	a_117292
t_1162919	a_2896
t_1162919	a_1161416
t_1162919	v_264219
t_1162920	a_916434
t_1162920	a_191162
t_1162920	a_814257
t_1162920	v_264219
t_1162921	a_90310
t_1162921	a_173585
t_1162921	a_512734
t_1162921	a_411755
t_1162921	v_264219
t_1162922	a_966631
t_1162922	a_129999
t_1162922	a_5227
t_1162922	v_264219
t_1162923	a_1161417
t_1162923	a_554758
t_1162923	a_262202
t_1162923	a_313693
t_1162923	v_264219
t_1162924	a_709810
t_1162924	a_293834
t_1162924	v_264219
t_1162925	a_258620
t_1162925	v_264219
t_1162926	a_330004
t_1162926	a_934016
t_1162926	v_264219
t_1162927	a_709810
t_1162927	v_264219
t_1162928	a_1161418
t_1162928	v_264219
t_1162929	a_617966
t_1162929	v_264219
t_1162930	a_387285
t_1162930	a_2474
t_1162930	v_264219
t_1162931	a_300573
t_1162931	a_780906
t_1162931	a_17265
t_1162931	v_264219
t_1162932	a_474167
t_1162932	a_155424
t_1162932	a_819811
t_1162932	a_796247
t_1162932	v_264219
t_1162933	a_1630
t_1162933	a_2967
t_1162933	a_902307
t_1162933	v_264219
t_1162934	a_138496
t_1162934	a_617999
t_1162934	v_264219
t_1162935	a_269554
t_1162935	a_330007
t_1162935	v_264219
t_1162936	a_40487
t_1162936	a_1161419
t_1162936	v_264219
t_1363455	a_178715
t_1363455	v_264219
t_1363456	a_762776
t_1363456	a_745001
t_1363456	a_155424
t_1363456	a_1349326
t_1363456	v_264219
t_1363457	a_817277
t_1363457	a_1006376
t_1363457	v_264219
t_1363458	a_126754
t_1363458	a_721321
t_1363458	a_1349327
t_1363458	v_264219
t_1363459	a_17269
t_1363459	a_189879
t_1363459	v_264219
t_1363460	a_1349328
t_1363460	a_899324
t_1363460	a_842869
t_1363460	v_264219
t_1363461	a_959098
t_1363461	a_188807
t_1363461	v_264219
t_1363462	a_17268
t_1363462	a_478159
t_1363462	v_264219
t_1363463	a_329628
t_1363463	a_185316
t_1363463	a_411755
t_1363463	a_293834
t_1363463	v_264219
t_1363464	a_459824
t_1363464	v_264219
t_1363465	a_1349329
t_1363465	a_842869
t_1363465	v_264219
t_1363466	a_1098666
t_1363466	a_484472
t_1363466	a_598171
t_1363466	a_77279
t_1363466	v_264219
t_1363467	a_483618
t_1363467	a_682409
t_1363467	a_948968
t_1363467	a_464349
t_1363467	a_698984
t_1363467	v_264219
t_1363468	a_1274818
t_1363468	a_783403
t_1363468	v_264219
t_1363469	a_546561
t_1363469	a_1349330
t_1363469	v_264219
t_1363470	a_364951
t_1363470	v_264219
t_1363471	a_326687
t_1363471	a_533703
t_1363471	v_264219
t_1363472	a_302754
t_1363472	v_264219
t_1363473	a_1049513
t_1363473	a_155424
t_1363473	a_1161413
t_1363473	v_264219
t_1363474	a_713846
t_1363474	a_1349331
t_1363474	a_188807
t_1363474	v_264219
t_1363475	a_1072756
t_1363475	a_51656
t_1363475	a_125594
t_1363475	v_264219
t_1363476	a_300567
t_1363476	a_934678
t_1363476	a_1349332
t_1363476	a_1006463
t_1363476	v_264219
t_1363477	a_464345
t_1363477	a_1349333
t_1363477	a_212898
t_1363477	v_264219
t_1363478	a_1049519
t_1363478	a_1209637
t_1363478	a_748903
t_1363478	a_360419
t_1363478	v_264219
t_1363479	a_837231
t_1363479	a_189879
t_1363479	a_336893
t_1363479	v_264219
t_1363480	a_2782
t_1363480	a_780906
t_1363480	a_898341
t_1363480	a_336788
t_1363480	a_258595
t_1363480	v_264219
t_1363481	a_1349334
t_1363481	a_314124
t_1363481	a_334176
t_1363481	v_264219
t_1363482	a_330004
t_1363482	a_1349335
t_1363482	a_411755
t_1363482	a_293834
t_1363482	v_264219
t_1363483	a_209041
t_1363483	a_676904
t_1363483	a_152380
t_1363483	v_264219
t_1363484	a_407557
t_1363484	a_576747
t_1363484	v_264219
t_1363485	a_431772
t_1363485	a_246157
t_1363485	v_264219
t_1514060	a_1072756
t_1514060	a_125594
t_1514060	v_264219
t_1514061	a_115298
t_1514061	a_220996
t_1514061	v_264219
t_1514062	a_1491140
t_1514062	a_1491141
t_1514062	a_258617
t_1514062	v_264219
t_1514063	a_1491142
t_1514063	a_185316
t_1514063	a_1491143
t_1514063	a_240196
t_1514063	v_264219
t_1514064	a_1105819
t_1514064	a_512734
t_1514064	v_264219
t_1514065	a_300567
t_1514065	a_934678
t_1514065	a_1126932
t_1514065	v_264219
t_1514066	a_123409
t_1514066	v_264219
t_1514067	a_326687
t_1514067	a_533703
t_1514067	a_420282
t_1514067	v_264219
t_1514068	a_1105819
t_1514068	a_512734
t_1514068	v_264219
t_1514069	a_1105819
t_1514069	a_512734
t_1514069	v_264219
t_1514070	a_1182382
t_1514070	a_411755
t_1514070	v_264219
t_1514071	a_1096818
t_1514071	a_881803
t_1514071	v_264219
t_1514072	a_1491144
t_1514072	a_1072921
t_1514072	a_188361
t_1514072	v_264219
t_1514073	a_1491144
t_1514073	a_1072921
t_1514073	a_125594
t_1514073	a_188361
t_1514073	v_264219
t_1514074	a_1267428
t_1514074	a_1491145
t_1514074	a_920533
t_1514074	a_105516
t_1514074	v_264219
t_1514075	a_926
t_1514075	a_298231
t_1514075	a_125594
t_1514075	a_901740
t_1514075	a_1126938
t_1514075	v_264219
t_1514076	a_474167
t_1514076	a_155424
t_1514076	a_1349332
t_1514076	v_264219
t_1514077	a_817277
t_1514077	a_364469
t_1514077	a_745008
t_1514077	v_264219
t_1514078	a_126754
t_1514078	a_2967
t_1514078	a_732061
t_1514078	v_264219
t_1514079	a_1370500
t_1514079	a_188807
t_1514079	v_264219
t_1514080	a_300567
t_1514080	a_934678
t_1514080	v_264219
t_1514081	a_174286
t_1514081	v_264219
t_1514082	a_1140499
t_1514082	a_748903
t_1514082	a_360419
t_1514082	v_264219
t_1514083	a_485746
t_1514083	a_1047745
t_1514083	v_264219
t_1514084	a_817277
t_1514084	a_17265
t_1514084	v_264219
t_1514085	a_1630
t_1514085	a_1215309
t_1514085	a_1006378
t_1514085	a_1491146
t_1514085	v_264219
t_1514086	a_1491147
t_1514086	a_360419
t_1514086	a_141820
t_1514086	v_264219
t_1514087	a_2782
t_1514087	a_780906
t_1514087	a_898341
t_1514087	a_336788
t_1514087	a_258595
t_1514087	v_264219
t_1698340	a_125584
t_1698340	v_264219
t_1698341	a_1173276
t_1698341	a_274924
t_1698341	a_698984
t_1698341	v_264219
t_1698342	a_258625
t_1698342	a_1640197
t_1698342	a_115287
t_1698342	v_264219
t_1698343	a_90310
t_1698343	a_554758
t_1698343	a_1640198
t_1698343	a_1640199
t_1698343	a_1349335
t_1698343	a_411755
t_1698343	v_264219
t_1698344	a_511
t_1698344	a_189879
t_1698344	a_49969
t_1698344	v_264219
t_1698345	a_372209
t_1698345	a_330025
t_1698345	a_1006376
t_1698345	a_455720
t_1698345	v_264219
t_1698346	a_1640200
t_1698346	a_314124
t_1698346	a_1640201
t_1698346	v_264219
t_1698347	a_131143
t_1698347	v_264219
t_1698348	a_1640202
t_1698348	a_274929
t_1698348	v_264219
t_1698349	a_546561
t_1698349	a_709871
t_1698349	v_264219
t_1698350	a_1640203
t_1698350	a_934678
t_1698350	a_453855
t_1698350	a_1414222
t_1698350	v_264219
t_1698351	a_1640204
t_1698351	a_748903
t_1698351	v_264219
t_1698352	a_750906
t_1698352	v_264219
t_1698353	a_1105819
t_1698353	a_512734
t_1698353	v_264219
t_1698354	a_407582
t_1698354	v_264219
t_1698355	a_823473
t_1698355	v_264219
t_1698356	a_5659
t_1698356	a_812238
t_1698356	a_913006
t_1698356	v_264219
t_1698357	a_1370500
t_1698357	a_1640205
t_1698357	a_513546
t_1698357	a_800973
t_1698357	a_188807
t_1698357	v_264219
t_1698358	a_2782
t_1698358	a_189879
t_1698358	v_264219
t_1698359	a_817277
t_1698359	v_264219
t_1698360	a_129496
t_1698360	a_1402258
t_1698360	v_264219
t_1698361	a_1640206
t_1698361	a_330016
t_1698361	v_264219
t_1698362	a_90310
t_1698362	a_167458
t_1698362	a_1391661
t_1698362	a_1640207
t_1698362	v_264219
t_1698363	a_1640208
t_1698363	a_1349332
t_1698363	a_1166971
t_1698363	v_264219
t_1698364	a_474167
t_1698364	a_155424
t_1698364	a_1172731
t_1698364	v_264219
t_1698365	a_615538
t_1698365	a_273652
t_1698365	a_533703
t_1698365	v_264219
t_1698366	a_928708
t_1698366	a_294980
t_1698366	a_330016
t_1698366	a_676905
t_1698366	v_264219
t_1698367	a_617363
t_1698367	a_676905
t_1698367	v_264219
t_1698368	a_1491173
t_1698368	a_411755
t_1698368	a_293834
t_1698368	v_264219
t_1698369	a_1360005
t_1698369	a_1640209
t_1698369	a_931646
t_1698369	v_264219
t_1704075	a_103059
t_1704075	a_965
t_1704075	a_5660
t_1704075	a_777
t_1704075	a_101901
t_1704075	a_17287
t_1704075	a_360419
t_1704075	v_264219
t_1890964	a_2782
t_1890964	a_780906
t_1890964	a_1072765
t_1890964	a_856321
t_1890964	v_264219
t_1890965	a_302754
t_1890965	v_264219
t_1890966	a_1807855
t_1890966	a_274420
t_1890966	v_264219
t_1890967	a_1807856
t_1890967	a_483823
t_1890967	v_264219
t_1890968	a_517841
t_1890968	a_1209003
t_1890968	v_264219
t_1890969	a_163313
t_1890969	v_264219
t_1890970	a_1807857
t_1890970	a_1172731
t_1890970	a_965
t_1890970	v_264219
t_1890971	a_1630
t_1890971	a_17287
t_1890971	v_264219
t_1890972	a_36574
t_1890972	v_264219
t_1890973	a_1120087
t_1890973	a_155424
t_1890973	a_796247
t_1890973	v_264219
t_1890974	a_1161418
t_1890974	v_264219
t_1220014	a_1807857
t_1220014	v_264219
t_1892161	a_258625
t_1892161	v_264219
t_1892162	a_1491147
t_1892162	a_141820
t_1892162	a_106646
t_1892162	v_264219
t_1892163	a_90310
t_1892163	a_110231
t_1892163	a_262945
t_1892163	a_789838
t_1892163	a_411755
t_1892163	a_1640207
t_1892163	v_264219
t_1892164	a_1349429
t_1892164	a_223347
t_1892164	a_17266
t_1892164	a_141363
t_1892164	a_53220
t_1892164	v_264219
t_1892165	a_1526949
t_1892165	a_483003
t_1892165	a_273653
t_1892165	a_326870
t_1892165	a_760749
t_1892165	v_264219
t_1892166	a_817277
t_1892166	a_189879
t_1892166	v_264219
t_1892167	a_1167021
t_1892167	a_1451481
t_1892167	a_701321
t_1892167	a_144041
t_1892167	v_264219
t_1892168	a_55638
t_1892168	a_1521805
t_1892168	a_188807
t_1892168	v_264219
t_1892169	a_1808955
t_1892169	a_512734
t_1892169	a_1274703
t_1892169	a_373298
t_1892169	a_1808956
t_1892169	v_264219
t_1892170	a_123409
t_1892170	a_1126932
t_1892170	a_1658907
t_1892170	v_264219
t_1892171	a_1041997
t_1892171	a_812269
t_1892171	v_264219
t_1892172	a_816052
t_1892172	a_274420
t_1892172	a_1408392
t_1892172	v_264219
t_1892173	a_1011840
t_1892173	a_1243007
t_1892173	a_358461
t_1892173	a_2967
t_1892173	v_264219
t_1894018	a_1409565
t_1894018	a_617962
t_1894018	a_1810633
t_1894018	v_264219
t_1894019	a_189891
t_1894019	a_273653
t_1894019	a_760749
t_1894019	v_264219
t_1915233	a_126754
t_1915233	a_125594
t_1915233	a_49969
t_1915233	v_264219
t_2044408	a_258625
t_2044408	a_1807248
t_2044408	a_373308
t_2044408	a_671968
t_2044408	v_264219
t_2044611	a_407582
t_2044611	v_264219
t_2046605	a_237902
t_2046605	a_494219
t_2046605	a_274420
t_2046605	v_264219
t_2052703	a_123409
t_2052703	v_264219
t_2053133	a_90081
t_2053133	a_453855
t_2053133	a_1451479
t_2053133	a_1099723
t_2053133	v_264219
t_2056026	a_817277
t_2056026	v_264219
t_2057687	a_115298
t_2057687	v_264219
t_2059479	a_326687
t_2059479	a_533703
t_2059479	a_155424
t_2059479	v_264219
t_2063694	a_323502
t_2063694	a_1414222
t_2063694	v_264219
t_2068328	a_141402
t_2068328	v_264219
t_2068899	a_1807877
t_2068899	a_1779220
t_2068899	a_512734
t_2068899	v_264219
t_2069782	a_126754
t_2069782	a_1451481
t_2069782	a_1920175
t_2069782	v_264219
t_2071911	a_1491147
t_2071911	a_1979021
t_2071911	a_360419
t_2071911	a_1120587
t_2071911	v_264219
t_2074135	a_209041
t_2074135	a_289544
t_2074135	a_755530
t_2074135	a_710045
t_2074135	a_710046
t_2074135	v_264219
t_2077641	a_282220
t_2077641	a_476871
t_2077641	v_264219
t_2078833	a_431772
t_2078833	a_246157
t_2078833	v_264219
t_2081300	a_55638
t_2081300	a_1521805
t_2081300	a_188807
t_2081300	v_264219
t_2081321	a_2782
t_2081321	a_780906
t_2081321	a_1072765
t_2081321	a_856321
t_2081321	v_264219
t_2084078	a_372209
t_2084078	a_1452820
t_2084078	a_738766
t_2084078	a_455720
t_2084078	v_264219
t_2085045	a_300567
t_2085045	a_2967
t_2085045	a_1099356
t_2085045	v_264219
t_2085924	a_330004
t_2085924	a_1659003
t_2085924	a_842869
t_2085924	v_264219
t_2086211	a_36574
t_2086211	a_465249
t_2086211	a_1991966
t_2086211	v_264219
t_2091946	a_1506548
t_2091946	a_1212817
t_2091946	a_370419
t_2091946	a_485998
t_2091946	a_1386
t_2091946	v_264219
t_2109462	a_474167
t_2109462	a_1172731
t_2109462	a_965
t_2109462	v_264219
t_2120457	a_330004
t_2120457	a_1413599
t_2120457	v_264219
